שם,ציון דראפט,יציבות,חיזוי טכני,ML חיזוי,קבוצה,קבוצת דראפט,עמדה,מחיר,נקודות,נק/משחק,בחירה %,DreamTeam,העברות,DC/90,G+A,xG+xA,דקות,xDiff,ICT,Bonus,CS,פנדל,קרן,בעיטה חופשית
Haaland,55.27,80.00,11.73,5.10,Man City,Merkaz Klita,FWD,14.90,102.00,9.72,70.8,5.00,66623.00,2.10,15.00,11.73,944.00,3.27,124.1,23.00,6.00,כן,0.00,0.00
Mateta,37.53,78.00,10.16,5.10,Crystal Palace,Los chicos 🌟,FWD,8.10,50.00,4.69,29.2,1.00,143733.00,2.72,6.00,8.80,959.00,-2.80,75.3,6.00,6.00,לא,0.00,0.00
B.Fernandes,34.18,73.00,9.04,5.10,Man Utd,Amit United🏆🏆,MID,8.90,50.00,4.59,16.3,1.00,1453.00,4.32,5.00,6.42,980.00,-1.42,92.2,8.00,1.00,כן,1.00,1.00
Enzo,38.10,56.00,6.27,6.10,Chelsea,Torpedo Eshel,MID,6.70,48.00,4.91,14.0,1.00,-104415.00,2.56,5.00,6.23,880.00,-1.23,76.9,3.00,4.00,לא,0.00,3.00
Thiago,36.11,79.00,9.46,5.10,Brentford,Hamalik,FWD,6.30,60.00,5.86,10.9,2.00,246140.00,3.62,8.00,6.08,921.00,1.92,80.0,9.00,2.00,לא,0.00,0.00
Mbeumo,43.73,83.00,9.68,5.10,Man Utd,PSV Nivey,MID,8.50,60.00,5.65,32.7,1.00,311669.00,0.75,6.00,5.73,955.00,0.27,95.5,8.00,2.00,לא,0.00,0.00
M.Salah,43.33,79.00,6.81,5.10,Liverpool,Francis Bodega FC,MID,14.20,54.00,4.94,23.8,0.00,-60798.00,0.64,6.00,5.21,984.00,0.79,83.8,4.00,3.00,כן,0.00,0.00
Gakpo,39.98,69.00,6.42,5.10,Liverpool,Torpedo Eshel,MID,7.50,46.00,4.99,13.0,0.00,-30743.00,2.39,5.00,5.20,829.00,-0.20,76.3,2.00,3.00,לא,0.00,0.00
Gyökeres,35.94,67.00,6.62,5.10,Arsenal,Hamalik,FWD,8.90,37.00,4.16,13.5,1.00,-166441.00,1.01,4.00,5.11,801.00,-1.11,57.7,4.00,5.00,לא,0.00,0.00
Semenyo,42.73,56.00,6.13,5.10,Bournemouth,Los chicos 🌟,MID,8.10,75.00,6.82,64.1,3.00,-34927.00,2.45,10.00,5.09,990.00,4.91,79.7,9.00,4.00,לא,0.00,0.00
Ndiaye,36.44,72.00,8.18,5.10,Everton,The Gingers,MID,6.60,55.00,5.42,11.9,0.00,15508.00,3.64,5.00,5.02,914.00,-0.02,67.5,3.00,3.00,לא,0.00,0.00
Welbeck,37.23,78.00,9.36,5.10,Brighton,Amit United🏆🏆,FWD,6.50,45.00,5.71,9.1,2.00,32753.00,1.90,6.00,4.68,709.00,1.32,52.7,6.00,2.00,לא,0.00,0.00
Saka,35.43,82.00,9.53,5.10,Arsenal,AEK Shemesh,MID,10.10,45.00,5.95,17.4,1.00,38375.00,2.11,3.00,4.67,681.00,-1.67,68.0,5.00,5.00,כן,2.00,0.00
João Pedro,38.40,78.00,8.86,5.10,Chelsea,AEK Shemesh,FWD,7.50,59.00,5.72,48.4,3.00,64399.00,2.33,7.00,4.53,929.00,2.47,76.4,12.00,5.00,לא,0.00,0.00
Neto,38.81,84.00,8.80,5.10,Chelsea,Los chicos 🌟,MID,7.10,52.00,5.65,5.9,1.00,16.00,1.30,5.00,4.27,829.00,0.73,65.9,5.00,5.00,לא,0.00,0.00
Sarr,33.09,62.00,7.92,5.10,Crystal Palace,The Gingers,MID,6.70,46.00,5.23,13.1,1.00,40504.00,3.52,4.00,4.15,792.00,-0.15,46.7,6.00,5.00,לא,0.00,0.00
Beto,29.28,50.00,5.78,6.10,Everton,Francis Bodega FC,FWD,5.20,21.00,3.12,3.1,0.00,-11267.00,3.27,1.00,3.98,606.00,-2.98,33.3,1.00,1.00,לא,0.00,0.00
Schade,30.88,79.00,8.10,5.10,Brentford,Merkaz Klita,MID,7.00,40.00,3.91,0.8,0.00,13059.00,3.23,5.00,3.86,920.00,1.14,59.5,2.00,2.00,לא,0.00,0.00
Minteh,35.05,76.00,7.90,5.10,Brighton,The Gingers,MID,6.00,50.00,4.74,4.8,0.00,17880.00,3.22,6.00,3.85,949.00,2.15,68.9,3.00,3.00,לא,0.00,0.00
Rice,33.01,82.00,9.07,5.10,Arsenal,Los chicos 🌟,MID,6.90,65.00,6.55,20.6,2.00,95830.00,4.94,6.00,3.56,893.00,2.44,69.1,10.00,6.00,לא,0.00,2.00
Estêvão,36.78,53.00,9.00,5.10,Chelsea,AEK Shemesh,MID,6.50,29.00,7.74,2.5,0.00,10992.00,3.47,4.00,3.53,337.00,0.47,38.1,2.00,2.00,לא,0.00,0.00
Amad,30.09,77.00,8.61,5.10,Man Utd,AEK Shemesh,MID,6.30,37.00,4.42,1.7,0.00,28397.00,3.94,4.00,3.52,753.00,0.48,55.1,5.00,2.00,לא,0.00,0.00
Gibbs-White,35.93,77.00,8.07,5.10,Nott'm Forest,חופשי,MID,7.30,40.00,3.97,3.2,0.00,1395.00,1.79,3.00,3.47,906.00,-0.47,57.8,4.00,0.00,כן,1.00,1.00
Anthony,32.83,57.00,5.36,6.10,Burnley,חופשי,MID,5.60,49.00,4.98,5.4,2.00,-46356.00,3.15,5.00,3.46,886.00,1.54,59.8,5.00,3.00,לא,0.00,0.00
Grealish,33.66,59.00,5.58,6.10,Everton,PSV Nivey,MID,6.80,43.00,4.69,16.2,2.00,-93692.00,3.16,5.00,3.37,826.00,1.63,80.7,7.00,3.00,לא,0.00,0.00
Woltemade,37.27,68.00,6.68,5.10,Newcastle,Amit United🏆🏆,FWD,7.40,40.00,5.87,21.4,0.00,-148537.00,2.20,5.00,3.29,613.00,1.71,38.5,6.00,4.00,לא,0.00,0.00
Dewsbury-Hall,30.62,74.00,7.59,5.10,Everton,חופשי,MID,4.90,35.00,3.56,2.8,1.00,122.00,2.95,3.00,3.23,885.00,-0.23,50.2,4.00,3.00,לא,0.00,0.00
L.Paquetá,31.52,72.00,5.85,5.10,West Ham,AEK Shemesh,MID,5.90,45.00,4.22,2.6,0.00,-39011.00,4.50,4.00,3.12,959.00,0.88,64.8,5.00,1.00,לא,0.00,0.00
J.Murphy,37.32,77.00,6.62,5.10,Newcastle,Hamalik,MID,6.10,36.00,5.72,1.2,0.00,-1978.00,1.59,3.00,3.09,566.00,-0.09,47.4,2.00,4.00,לא,0.00,0.00
Aaronson,28.04,79.00,8.24,5.10,Leeds,חופשי,MID,5.40,41.00,5.20,0.2,1.00,313.00,4.06,4.00,3.09,709.00,0.91,46.6,3.00,2.00,לא,0.00,0.00
Doku,39.20,70.00,8.36,5.10,Man City,Amit United🏆🏆,MID,6.40,44.00,6.42,5.6,1.00,128084.00,1.31,5.00,3.08,617.00,1.92,71.8,6.00,4.00,לא,0.00,0.00
Trossard,33.04,85.00,9.21,5.10,Arsenal,Los chicos 🌟,MID,6.90,40.00,5.61,0.8,0.00,18538.00,1.40,4.00,3.07,642.00,0.93,47.8,4.00,4.00,לא,0.00,0.00
O.Dango,28.43,76.00,8.28,5.10,Brentford,חופשי,MID,6.00,39.00,5.48,0.5,1.00,2137.00,3.66,4.00,3.02,640.00,0.98,41.4,4.00,2.00,לא,0.00,0.00
Wood,35.09,49.00,5.30,6.10,Nott'm Forest,Hamalik,FWD,7.20,25.00,4.18,5.9,1.00,-26989.00,1.17,2.00,2.92,538.00,-0.92,29.8,3.00,1.00,לא,0.00,0.00
Anderson,32.56,75.00,5.87,5.10,Nott'm Forest,חופשי,MID,5.30,41.00,3.73,3.0,0.00,-43.00,4.45,2.00,2.91,990.00,-0.91,61.4,1.00,0.00,לא,0.00,0.00
Richarlison,34.91,58.00,6.22,5.10,Spurs,Francis Bodega FC,FWD,6.40,44.00,6.28,7.7,1.00,-18961.00,3.71,6.00,2.88,631.00,3.12,51.0,7.00,2.00,כן,3.00,0.00
Eze,36.12,75.00,6.61,5.10,Arsenal,Amit United🏆🏆,MID,7.60,41.00,5.27,13.4,1.00,-51112.00,1.80,4.00,2.83,700.00,1.17,43.4,3.00,6.00,לא,0.00,0.00
Kudus,40.42,58.00,5.14,6.10,Spurs,Torpedo Eshel,MID,6.50,45.00,4.63,21.3,2.00,-327604.00,2.06,6.00,2.82,875.00,3.18,66.2,4.00,4.00,לא,0.00,0.00
Foden,33.55,68.00,7.45,5.10,Man City,Francis Bodega FC,MID,8.00,31.00,3.92,4.5,1.00,6261.00,2.66,2.00,2.81,711.00,-0.81,59.7,2.00,5.00,לא,1.00,2.00
Watkins,32.01,61.00,5.25,6.10,Aston Villa,PSV Nivey,FWD,8.50,27.00,2.81,6.4,0.00,-5321.00,1.25,1.00,2.78,866.00,-1.78,38.1,2.00,5.00,כן,0.00,0.00
Tavernier,28.78,78.00,8.06,5.10,Bournemouth,חופשי,MID,5.50,47.00,4.94,1.7,2.00,4962.00,3.68,3.00,2.76,856.00,0.24,55.7,6.00,5.00,לא,1.00,1.00
J.Timber,31.02,75.00,9.06,5.10,Arsenal,AEK Shemesh,DEF,6.10,67.00,6.84,25.6,2.00,-4935.00,6.23,4.00,2.72,881.00,1.28,63.5,7.00,6.00,לא,0.00,0.00
Muñoz,30.55,83.00,10.17,5.10,Crystal Palace,Amit United🏆🏆,DEF,5.70,60.00,5.45,16.2,0.00,70230.00,7.09,4.00,2.69,990.00,1.31,51.2,2.00,5.00,לא,0.00,0.00
Bowen,35.42,64.00,5.57,5.10,West Ham,Francis Bodega FC,FWD,7.70,46.00,4.18,7.4,0.00,-56172.00,2.27,4.00,2.67,990.00,1.33,69.6,9.00,1.00,לא,2.00,0.00
Ekitiké,33.64,55.00,5.92,6.10,Liverpool,AEK Shemesh,FWD,8.60,39.00,5.57,15.4,0.00,-18435.00,2.86,4.00,2.64,630.00,1.36,36.6,7.00,3.00,לא,0.00,0.00
Garnacho,34.93,77.00,9.15,5.10,Chelsea,חופשי,MID,6.40,24.00,6.32,0.9,1.00,41637.00,1.84,3.00,2.56,342.00,0.44,33.3,2.00,2.00,לא,0.00,0.00
Bruno G.,34.02,76.00,6.23,5.10,Newcastle,חופשי,MID,6.60,50.00,5.03,3.6,1.00,-9918.00,3.52,5.00,2.54,895.00,2.46,56.0,6.00,4.00,לא,0.00,0.00
Cunha,32.67,73.00,5.95,5.10,Man Utd,The Gingers,MID,7.90,26.00,3.43,4.4,0.00,-1245.00,2.90,1.00,2.54,683.00,-1.54,45.7,1.00,1.00,לא,0.00,0.00
Brooks,26.32,53.00,5.21,6.10,Bournemouth,חופשי,MID,5.00,21.00,3.44,0.2,0.00,-329.00,2.62,1.00,2.53,549.00,-1.53,33.4,1.00,3.00,לא,0.00,0.00
Isidor,35.51,62.00,7.89,5.10,Sunderland,Merkaz Klita,FWD,5.60,41.00,5.51,3.5,1.00,4369.00,1.75,4.00,2.50,670.00,1.50,37.8,7.00,3.00,לא,0.00,0.00
Calafiori,32.85,72.00,8.80,5.10,Arsenal,Amit United🏆🏆,DEF,5.80,61.00,6.41,16.0,2.00,-13967.00,4.94,3.00,2.49,856.00,0.51,41.9,3.00,7.00,לא,0.00,0.00
Calvert-Lewin,32.04,59.00,5.40,6.10,Leeds,Torpedo Eshel,FWD,5.50,25.00,3.66,1.0,1.00,-9163.00,1.17,2.00,2.48,614.00,-0.48,36.6,2.00,2.00,לא,0.00,0.00
Szoboszlai,27.37,75.00,7.78,5.10,Liverpool,PSV Nivey,MID,6.60,44.00,4.00,5.2,1.00,53718.00,5.64,2.00,2.47,990.00,-0.47,67.1,7.00,3.00,לא,0.00,2.00
Wirtz,34.12,59.00,5.20,6.10,Liverpool,The Gingers,MID,8.00,19.00,2.49,7.1,0.00,-9341.00,2.23,0.00,2.45,686.00,-2.45,44.3,0.00,2.00,לא,0.00,0.00
Yeremy,26.52,57.00,7.08,6.10,Crystal Palace,חופשי,MID,5.80,15.00,2.55,0.1,0.00,160.00,2.38,0.00,2.41,529.00,-2.41,27.8,0.00,3.00,לא,0.00,0.00
Garner,21.83,66.00,5.21,5.10,Everton,חופשי,MID,5.00,42.00,3.82,0.8,0.00,-2913.00,7.00,2.00,2.37,990.00,-0.37,53.1,5.00,3.00,לא,2.00,2.00
Lukić,22.95,65.00,5.38,5.10,Fulham,חופשי,MID,5.00,27.00,3.59,0.1,0.00,-735.00,5.32,3.00,2.36,677.00,0.64,41.5,2.00,1.00,לא,0.00,0.00
Souček,24.00,80.00,8.56,5.10,West Ham,חופשי,MID,5.70,26.00,5.55,0.3,1.00,4248.00,7.04,3.00,2.30,422.00,0.70,33.1,3.00,1.00,לא,0.00,0.00
Gomez,19.95,79.00,8.20,5.10,Brighton,חופשי,MID,4.90,28.00,4.68,0.2,1.00,2701.00,6.52,2.00,2.27,538.00,-0.27,46.5,3.00,2.00,לא,0.00,0.00
Nmecha,30.27,60.00,8.52,5.10,Leeds,חופשי,FWD,5.00,23.00,7.61,0.6,0.00,151.00,3.31,2.00,2.21,272.00,-0.21,20.1,2.00,1.00,לא,0.00,0.00
Wilson,33.51,65.00,8.01,5.10,West Ham,חופשי,FWD,5.80,22.00,5.42,0.4,0.00,1147.00,0.49,2.00,2.20,365.00,-0.20,28.0,3.00,1.00,לא,0.00,0.00
McGinn,27.71,67.00,6.24,5.10,Aston Villa,חופשי,MID,5.40,30.00,3.23,0.6,0.00,18.00,3.33,1.00,2.20,837.00,-1.20,41.4,0.00,5.00,לא,2.00,0.00
Šeško,33.14,63.00,5.64,6.10,Man Utd,The Gingers,FWD,7.30,31.00,4.53,4.5,1.00,-65264.00,2.05,3.00,2.13,616.00,0.87,43.5,5.00,1.00,לא,0.00,0.00
Iwobi,31.97,66.00,5.37,5.10,Fulham,Francis Bodega FC,MID,6.50,40.00,4.00,1.5,1.00,-5585.00,2.20,3.00,2.13,899.00,0.87,57.5,5.00,2.00,לא,0.00,0.00
Van de Ven,31.33,81.00,9.56,5.10,Spurs,Francis Bodega FC,DEF,4.80,58.00,5.33,33.3,2.00,11358.00,5.88,3.00,2.12,979.00,0.88,40.8,5.00,4.00,לא,0.00,0.00
Reijnders,36.30,55.00,4.90,6.10,Man City,חופשי,MID,5.50,34.00,4.04,19.4,1.00,-121527.00,2.62,3.00,2.08,757.00,0.92,46.3,2.00,3.00,לא,0.00,0.00
Wharton,24.88,63.00,6.93,6.10,Crystal Palace,חופשי,MID,5.00,26.00,3.36,0.4,0.00,82.00,3.88,1.00,2.06,696.00,-1.06,33.2,2.00,3.00,לא,0.00,0.00
Damsgaard,25.37,71.00,7.34,5.10,Brentford,חופשי,MID,5.80,33.00,4.15,0.6,0.00,84.00,4.03,2.00,2.03,715.00,-0.03,48.8,3.00,2.00,לא,0.00,3.00
Gordon,34.52,55.00,5.14,6.10,Newcastle,PSV Nivey,MID,7.40,12.00,2.34,1.9,0.00,-28333.00,1.17,0.00,2.02,461.00,-2.02,26.4,0.00,3.00,לא,2.00,2.00
Strand Larsen,36.26,69.00,5.17,5.10,Wolves,The Gingers,FWD,6.30,21.00,2.67,1.1,0.00,-3282.00,1.65,1.00,1.98,707.00,-0.98,28.3,0.00,2.00,לא,0.00,0.00
Barnes,32.75,68.00,7.55,5.10,Newcastle,Torpedo Eshel,MID,6.30,24.00,4.66,0.4,0.00,231.00,0.97,1.00,1.98,464.00,-0.98,30.4,2.00,2.00,לא,0.00,0.00
Igor Jesus,30.95,49.00,5.65,6.10,Nott'm Forest,Torpedo Eshel,FWD,5.80,14.00,3.87,0.7,0.00,-1789.00,3.04,1.00,1.98,326.00,-0.98,16.1,0.00,0.00,לא,0.00,0.00
Gruda,29.57,43.00,6.36,6.10,Brighton,חופשי,MID,5.40,19.00,7.84,0.0,0.00,-212.00,2.48,2.00,1.97,218.00,0.03,22.4,2.00,0.00,לא,0.00,0.00
James,29.24,83.00,8.81,5.10,Chelsea,Merkaz Klita,DEF,5.60,46.00,5.86,8.6,1.00,-8507.00,6.12,4.00,1.97,706.00,2.03,47.4,4.00,3.00,לא,0.00,2.00
Kroupi.Jr,38.38,47.00,9.64,5.10,Bournemouth,חופשי,FWD,4.60,30.00,10.76,4.7,0.00,11286.00,2.15,4.00,1.94,251.00,2.06,30.8,4.00,1.00,לא,0.00,0.00
Evanilson,31.35,56.00,6.53,6.10,Bournemouth,The Gingers,FWD,7.00,25.00,3.12,1.4,0.00,1302.00,1.12,2.00,1.94,721.00,0.06,36.7,2.00,3.00,לא,0.00,0.00
Krejčí,22.68,63.00,6.73,6.10,Wolves,חופשי,DEF,4.50,17.00,2.13,0.1,0.00,-152.00,7.13,2.00,1.92,720.00,0.08,39.6,0.00,0.00,לא,0.00,0.00
Guéhi,27.79,74.00,8.12,5.10,Crystal Palace,PSV Nivey,DEF,5.10,64.00,6.40,34.6,2.00,-48827.00,8.50,4.00,1.89,900.00,2.11,43.5,5.00,4.00,לא,0.00,0.00
Van den Berg,20.80,68.00,7.83,5.10,Brentford,חופשי,DEF,4.50,34.00,3.09,0.6,0.00,-13.00,8.82,0.00,1.89,990.00,-1.89,39.0,0.00,2.00,לא,0.00,0.00
Okafor,28.40,59.00,5.47,6.10,Leeds,AEK Shemesh,MID,5.50,29.00,5.07,0.2,0.00,-976.00,2.97,3.00,1.84,515.00,1.16,31.3,3.00,1.00,לא,0.00,0.00
Cucurella,26.16,80.00,9.96,5.10,Chelsea,Torpedo Eshel,DEF,6.10,49.00,4.92,22.1,0.00,16995.00,6.83,2.00,1.83,896.00,0.17,48.6,5.00,5.00,לא,0.00,0.00
Munetsi,25.26,74.00,5.40,5.10,Wolves,חופשי,MID,5.40,35.00,3.93,0.1,0.00,-352.00,6.40,3.00,1.82,802.00,1.18,38.8,1.00,0.00,לא,0.00,0.00
Raúl,31.05,66.00,5.72,5.10,Fulham,Amit United🏆🏆,FWD,6.20,25.00,5.01,0.9,0.00,-1382.00,3.01,3.00,1.73,449.00,1.27,27.7,1.00,1.00,לא,0.00,0.00
Georginio,30.29,71.00,5.41,5.10,Brighton,Amit United🏆🏆,MID,5.70,30.00,3.98,0.4,0.00,-122.00,2.79,3.00,1.73,678.00,1.27,31.1,1.00,4.00,לא,0.00,0.00
Hudson-Odoi,30.99,57.00,4.95,6.10,Nott'm Forest,חופשי,MID,5.80,22.00,3.49,0.7,0.00,-6209.00,1.59,1.00,1.69,567.00,-0.69,42.4,3.00,0.00,לא,0.00,0.00
Kamada,26.95,68.00,6.96,5.10,Crystal Palace,חופשי,MID,5.00,32.00,3.80,0.2,0.00,295.00,4.63,2.00,1.69,758.00,0.31,25.0,0.00,4.00,לא,0.00,0.00
Casemiro,28.71,82.00,8.87,5.10,Man Utd,חופשי,MID,5.50,47.00,6.86,1.0,2.00,3198.00,6.13,5.00,1.67,617.00,3.33,40.0,5.00,3.00,לא,0.00,0.00
Buendía,26.26,64.00,8.88,5.10,Aston Villa,חופשי,MID,5.30,39.00,8.07,0.4,2.00,24827.00,5.38,5.00,1.67,435.00,3.33,40.5,7.00,2.00,לא,0.00,0.00
Gana,25.49,74.00,7.30,4.00,Everton,חופשי,MID,5.40,42.00,3.98,0.1,0.00,869.00,4.27,2.00,1.67,949.00,0.33,39.2,3.00,3.00,לא,0.00,0.00
Senesi,22.93,67.00,9.61,5.10,Bournemouth,Hamalik,DEF,5.00,58.00,5.34,25.9,1.00,3554.00,12.99,2.00,1.67,977.00,0.33,47.3,6.00,4.00,לא,0.00,0.00
Stach,29.44,61.00,4.94,6.10,Leeds,חופשי,MID,4.90,40.00,4.51,2.1,1.00,-7775.00,4.74,3.00,1.64,798.00,1.36,49.6,3.00,2.00,לא,0.00,0.00
Rogers,34.71,72.00,6.86,5.10,Aston Villa,Hamalik,MID,6.80,35.00,3.23,4.9,0.00,10222.00,2.40,3.00,1.62,976.00,1.38,45.0,0.00,4.00,לא,0.00,0.00
Malen,34.70,48.00,7.89,5.10,Aston Villa,חופשי,MID,5.10,32.00,8.67,0.7,1.00,1321.00,1.08,3.00,1.61,332.00,1.39,27.9,3.00,0.00,לא,0.00,0.00
N.Williams,25.20,63.00,6.23,6.10,Nott'm Forest,חופשי,DEF,4.70,20.00,1.82,3.3,1.00,-8293.00,6.00,1.00,1.61,990.00,-0.61,48.5,2.00,0.00,לא,0.00,0.00
Cherki,36.02,60.00,8.76,5.10,Man City,Amit United🏆🏆,MID,6.30,20.00,8.45,3.2,0.00,15986.00,3.80,3.00,1.60,213.00,1.40,25.5,2.00,0.00,לא,0.00,0.00
Digne,31.23,79.00,9.46,5.10,Aston Villa,חופשי,DEF,4.50,42.00,4.63,1.6,0.00,6343.00,4.63,3.00,1.60,817.00,1.40,39.9,0.00,4.00,לא,0.00,1.00
Longstaff,25.23,65.00,5.24,5.10,Leeds,חופשי,MID,4.90,38.00,4.35,1.0,1.00,-4904.00,5.95,3.00,1.60,787.00,1.40,56.2,4.00,1.00,לא,0.00,0.00
Wilson,27.09,66.00,7.30,5.10,Fulham,חופשי,MID,5.20,34.00,4.69,0.4,0.00,107.00,3.73,3.00,1.59,652.00,1.41,39.5,4.00,2.00,לא,0.00,3.00
Tonali,30.76,65.00,4.89,5.10,Newcastle,חופשי,MID,5.40,32.00,3.31,1.3,0.00,-2775.00,3.73,1.00,1.56,869.00,-0.56,46.9,1.00,5.00,לא,0.00,0.00
Zubimendi,27.45,71.00,5.85,5.10,Arsenal,PSV Nivey,MID,5.40,48.00,4.61,2.9,1.00,-6130.00,5.19,3.00,1.54,937.00,1.46,45.7,4.00,7.00,לא,0.00,0.00
O’Reilly,25.24,89.00,10.58,5.10,Man City,Los chicos 🌟,DEF,5.00,51.00,6.72,2.0,0.00,90733.00,7.91,3.00,1.53,683.00,1.47,41.8,2.00,5.00,לא,0.00,0.00
J.Arias,22.18,55.00,4.77,6.10,Wolves,חופשי,MID,5.10,19.00,3.14,0.2,0.00,-562.00,5.94,0.00,1.52,545.00,-1.52,31.7,1.00,1.00,לא,0.00,0.00
Marmoush,0.00,,,,Man City,Hamalik,MID,8.30,12.00,6.07,2.6,0.00,-3293.00,3.54,1.00,1.52,178.00,-0.52,14.2,2.00,0.00,לא,0.00,0.00
Ndoye,31.04,62.00,5.00,6.10,Nott'm Forest,חופשי,MID,5.70,32.00,3.81,1.2,0.00,-3542.00,3.10,3.00,1.51,755.00,1.49,34.4,4.00,0.00,לא,0.00,0.00
Gabriel,27.85,91.00,11.69,5.10,Arsenal,Merkaz Klita,DEF,6.60,81.00,7.36,43.7,3.00,53542.00,9.09,3.00,1.51,990.00,1.49,46.9,13.00,7.00,לא,0.00,0.00
Hartman,26.92,74.00,8.85,5.10,Burnley,חופשי,DEF,4.00,36.00,3.32,1.0,0.00,2538.00,6.91,4.00,1.51,977.00,2.49,45.5,0.00,2.00,לא,0.00,0.00
Xhaka,29.50,78.00,7.51,5.10,Sunderland,Los chicos 🌟,MID,5.20,52.00,4.73,6.2,0.00,63938.00,7.55,4.00,1.49,990.00,2.51,58.1,4.00,4.00,לא,0.00,0.00
De Cuyper,27.71,54.00,7.28,6.10,Brighton,חופשי,DEF,4.30,16.00,3.50,1.8,0.00,-4528.00,4.60,1.00,1.49,411.00,-0.49,24.3,1.00,0.00,לא,0.00,0.00
Ayari,23.96,67.00,4.89,5.10,Brighton,חופשי,MID,4.90,29.00,3.00,0.3,0.00,-646.00,4.44,1.00,1.49,871.00,-0.49,37.2,2.00,2.00,לא,0.00,0.00
E.Le Fée,25.45,72.00,7.26,5.10,Sunderland,חופשי,MID,4.90,34.00,4.42,0.4,1.00,238.00,5.72,2.00,1.45,692.00,0.55,35.6,3.00,2.00,לא,0.00,0.00
De Ligt,21.07,72.00,9.38,5.10,Man Utd,Francis Bodega FC,DEF,5.00,39.00,3.55,3.1,0.00,22509.00,8.55,1.00,1.45,990.00,-0.45,36.7,5.00,1.00,לא,0.00,0.00
Andersen,20.12,65.00,8.92,5.10,Fulham,חופשי,DEF,4.50,39.00,4.12,2.8,1.00,199.00,10.79,0.00,1.45,851.00,-1.45,31.1,2.00,2.00,לא,0.00,0.00
Foster,29.34,59.00,5.04,6.10,Burnley,חופשי,FWD,5.00,28.00,4.36,1.6,0.00,-7818.00,2.49,3.00,1.43,578.00,1.57,27.4,4.00,2.00,לא,0.00,0.00
Richards,24.02,78.00,9.45,5.10,Crystal Palace,The Gingers,DEF,4.50,52.00,4.73,3.4,0.00,15062.00,10.64,0.00,1.41,990.00,-1.41,35.5,0.00,5.00,לא,0.00,0.00
Sessegnon,24.51,78.00,7.90,5.10,Fulham,חופשי,MID,5.40,47.00,5.06,0.7,1.00,9727.00,7.11,4.00,1.40,836.00,2.60,39.0,5.00,2.00,לא,0.00,0.00
Kayode,22.02,74.00,9.16,1.90,Brentford,חופשי,DEF,4.50,34.00,3.21,0.4,0.00,1857.00,5.86,1.00,1.40,952.00,-0.40,41.8,5.00,2.00,לא,0.00,0.00
Cullen,24.73,70.00,7.21,5.10,Burnley,חופשי,MID,5.00,53.00,5.07,2.3,1.00,10914.00,6.89,3.00,1.38,941.00,1.62,50.3,8.00,3.00,לא,0.00,0.00
H.Bueno,17.70,61.00,6.58,6.10,Wolves,חופשי,DEF,4.40,21.00,2.39,0.1,0.00,-183.00,6.93,0.00,1.37,792.00,-1.37,51.3,2.00,1.00,לא,0.00,0.00
Bernardo,31.24,68.00,6.06,1.90,Man City,חופשי,MID,6.30,25.00,3.52,0.5,0.00,6.00,3.52,2.00,1.36,640.00,0.64,30.9,0.00,3.00,לא,0.00,0.00
Barry,26.94,51.00,4.89,6.10,Everton,חופשי,FWD,5.70,12.00,2.84,0.3,0.00,-152.00,2.13,0.00,1.36,380.00,-1.36,9.3,0.00,2.00,לא,0.00,0.00
Pedro Porro,29.61,74.00,6.88,5.10,Spurs,PSV Nivey,DEF,5.50,46.00,4.80,17.3,1.00,-47464.00,6.47,2.00,1.35,863.00,0.65,41.3,2.00,4.00,לא,2.00,2.00
Chalobah,25.92,74.00,9.55,5.10,Chelsea,Torpedo Eshel,DEF,5.10,55.00,5.89,8.1,1.00,15452.00,8.79,3.00,1.35,840.00,1.65,39.1,2.00,5.00,לא,0.00,0.00
Odobert,26.13,61.00,7.38,4.00,Spurs,חופשי,MID,5.30,19.00,4.55,0.0,0.00,340.00,2.39,1.00,1.32,376.00,-0.32,24.8,3.00,0.00,לא,0.00,0.00
Ballard,21.92,79.00,10.21,5.10,Sunderland,Amit United🏆🏆,DEF,4.60,49.00,7.62,2.8,1.00,50758.00,12.44,3.00,1.32,579.00,1.68,48.4,5.00,2.00,לא,0.00,0.00
Talbi,34.27,70.00,5.56,5.10,Sunderland,חופשי,MID,5.00,34.00,5.21,0.3,0.00,-490.00,1.99,3.00,1.31,587.00,1.69,25.2,2.00,4.00,לא,0.00,0.00
Summerville,30.63,63.00,6.46,5.10,West Ham,חופשי,MID,5.50,23.00,3.24,0.1,0.00,106.00,4.08,3.00,1.30,639.00,1.70,26.3,0.00,0.00,לא,0.00,0.00
Caicedo,28.74,64.00,7.53,5.10,Chelsea,Francis Bodega FC,MID,6.10,60.00,5.71,23.3,1.00,65475.00,7.43,4.00,1.30,945.00,2.70,49.7,9.00,4.00,לא,0.00,0.00
Dorgu,26.00,62.00,7.08,6.10,Man Utd,חופשי,DEF,4.20,16.00,2.32,2.8,0.00,-2833.00,6.66,1.00,1.30,622.00,-0.30,32.1,0.00,1.00,לא,0.00,0.00
C.Jones,26.38,55.00,6.78,6.10,Liverpool,חופשי,MID,5.40,13.00,3.46,0.1,0.00,51.00,3.46,1.00,1.28,338.00,-0.28,15.8,0.00,0.00,לא,0.00,0.00
Bobb,31.50,55.00,4.78,6.10,Man City,חופשי,MID,5.30,18.00,3.59,0.3,0.00,-824.00,2.20,1.00,1.27,451.00,-0.27,28.2,0.00,2.00,לא,0.00,0.00
Nketiah,0.00,,,,Crystal Palace,חופשי,FWD,5.40,8.00,6.73,0.3,0.00,-3128.00,3.36,1.00,1.27,107.00,-0.27,14.8,0.00,0.00,לא,0.00,0.00
S.Bueno,16.99,64.00,6.94,6.10,Wolves,חופשי,DEF,4.40,25.00,3.39,0.1,1.00,-229.00,9.35,2.00,1.26,664.00,0.74,30.7,2.00,0.00,לא,0.00,0.00
Mount,28.22,51.00,5.26,6.10,Man Utd,חופשי,MID,5.90,22.00,5.67,0.3,0.00,-465.00,2.84,1.00,1.23,349.00,-0.23,22.1,2.00,3.00,לא,0.00,0.00
Mukiele,22.64,82.00,9.75,5.10,Sunderland,The Gingers,DEF,4.20,51.00,5.67,5.9,2.00,31429.00,10.11,2.00,1.23,810.00,0.77,37.0,5.00,3.00,לא,0.00,0.00
Gudmundsson,20.66,60.00,6.84,6.10,Leeds,חופשי,DEF,4.00,27.00,2.67,4.6,0.00,-7763.00,7.01,0.00,1.23,911.00,-1.23,41.1,6.00,2.00,לא,0.00,0.00
Johnson,30.84,52.00,5.00,6.10,Spurs,Francis Bodega FC,MID,6.70,28.00,5.40,3.0,0.00,-8123.00,4.63,2.00,1.21,467.00,0.79,25.1,2.00,3.00,כן,3.00,0.00
Marc Guiu,0.00,,,,Chelsea,חופשי,FWD,4.20,7.00,3.89,7.0,0.00,347.00,1.11,0.00,1.20,162.00,-1.20,4.9,0.00,0.00,לא,0.00,0.00
Hutchinson,0.00,,,,Nott'm Forest,חופשי,MID,5.40,13.00,9.14,0.0,0.00,116.00,0.70,2.00,1.20,128.00,0.80,18.3,1.00,0.00,לא,0.00,0.00
Milner,28.59,52.00,5.56,6.10,Brighton,חופשי,MID,4.90,15.00,7.22,0.1,0.00,-638.00,4.33,2.00,1.19,187.00,0.81,16.8,0.00,0.00,לא,0.00,0.00
Elanga,35.47,54.00,4.75,6.10,Newcastle,חופשי,MID,6.70,16.00,3.50,3.4,0.00,-10619.00,1.31,0.00,1.18,411.00,-1.18,23.1,0.00,2.00,לא,0.00,0.00
Walker-Peters,27.31,66.00,8.24,4.00,West Ham,חופשי,DEF,4.30,21.00,4.06,0.3,0.00,117.00,5.23,1.00,1.17,465.00,-0.17,22.1,0.00,1.00,לא,0.00,0.00
R.Gomes,26.66,57.00,6.83,6.10,Wolves,חופשי,DEF,4.40,13.00,3.53,0.1,0.00,-383.00,4.89,1.00,1.17,331.00,-0.17,20.5,0.00,0.00,לא,0.00,0.00
Mitchell,22.39,78.00,9.72,5.10,Crystal Palace,Francis Bodega FC,DEF,5.00,55.00,5.00,2.3,1.00,8174.00,8.00,1.00,1.17,990.00,-0.17,48.0,5.00,5.00,לא,0.00,0.00
Smith Rowe,32.95,54.00,5.29,6.10,Fulham,חופשי,MID,5.60,16.00,6.67,0.4,0.00,-562.00,1.67,1.00,1.15,216.00,-0.15,18.0,0.00,0.00,לא,0.00,0.00
King,31.03,62.00,4.72,6.10,Fulham,חופשי,MID,4.50,19.00,2.59,4.0,0.00,-1038.00,3.14,0.00,1.15,659.00,-1.15,27.8,0.00,2.00,לא,0.00,0.00
Kluivert,28.77,57.00,5.06,6.10,Bournemouth,Hamalik,MID,7.00,18.00,4.13,1.0,0.00,-163.00,2.30,1.00,1.15,392.00,-0.15,23.2,1.00,1.00,לא,0.00,0.00
Madueke,27.56,52.00,4.98,6.10,Arsenal,חופשי,MID,6.80,10.00,2.96,0.6,0.00,-1046.00,1.18,0.00,1.15,304.00,-1.15,24.6,0.00,2.00,לא,0.00,0.00
M.Fernandes,25.38,73.00,6.70,5.10,West Ham,חופשי,MID,5.50,28.00,3.93,0.1,0.00,31.00,5.05,2.00,1.15,642.00,0.85,35.7,2.00,1.00,לא,0.00,0.00
Gravenberch,32.41,62.00,7.75,5.10,Liverpool,Merkaz Klita,MID,5.60,52.00,5.99,4.7,2.00,35405.00,4.72,5.00,1.14,781.00,3.86,42.1,10.00,3.00,לא,0.00,0.00
P.M.Sarr,35.82,62.00,5.09,5.10,Spurs,חופשי,MID,4.80,37.00,5.84,1.6,0.00,-2970.00,5.37,4.00,1.12,570.00,2.88,28.4,0.00,3.00,לא,0.00,0.00
Gusto,27.83,82.00,10.10,5.10,Chelsea,חופשי,DEF,4.90,39.00,6.39,1.2,1.00,15433.00,4.43,2.00,1.12,549.00,0.88,27.7,3.00,4.00,לא,0.00,0.00
Wieffer,21.24,82.00,7.72,5.10,Brighton,חופשי,MID,4.90,36.00,5.07,0.4,0.00,8059.00,8.17,3.00,1.12,639.00,1.88,33.5,2.00,2.00,לא,0.00,0.00
Keane,22.08,78.00,9.17,5.10,Everton,PSV Nivey,DEF,4.50,56.00,5.23,1.3,1.00,14503.00,9.71,2.00,1.11,964.00,0.89,41.8,4.00,3.00,לא,0.00,0.00
Thiaw,16.42,60.00,6.98,6.10,Newcastle,Francis Bodega FC,DEF,4.90,26.00,3.70,0.5,0.00,-1155.00,9.40,0.00,1.11,632.00,-1.11,23.1,2.00,2.00,לא,0.00,0.00
Chukwueze,0.00,,,,Fulham,חופשי,MID,5.30,7.00,8.18,0.0,0.00,52.00,1.17,1.00,1.11,77.00,-0.11,8.7,0.00,0.00,לא,0.00,0.00
Flemming,26.97,63.00,7.97,5.10,Burnley,Torpedo Eshel,FWD,5.30,25.00,6.56,0.3,1.00,4694.00,3.41,3.00,1.10,343.00,1.90,26.1,3.00,1.00,לא,0.00,0.00
Bogle,23.41,60.00,6.49,6.10,Leeds,חופשי,DEF,4.50,28.00,2.63,0.2,0.00,-562.00,6.67,1.00,1.10,958.00,-0.10,28.3,0.00,2.00,לא,0.00,0.00
Collins,18.44,72.00,7.13,5.10,Brentford,חופשי,DEF,4.90,32.00,2.91,1.1,0.00,-852.00,9.64,0.00,1.10,990.00,-1.10,38.3,2.00,2.00,לא,0.00,0.00
Konaté,20.14,73.00,9.74,5.10,Liverpool,Hamalik,DEF,5.40,39.00,3.81,2.7,0.00,5931.00,9.18,0.00,1.08,922.00,-1.08,33.6,3.00,3.00,לא,0.00,0.00
Joelinton,25.93,63.00,4.75,6.10,Newcastle,חופשי,MID,5.90,21.00,2.91,0.3,0.00,-1537.00,5.27,0.00,1.07,649.00,-1.07,26.4,0.00,3.00,לא,0.00,0.00
Mitoma,34.44,52.00,4.23,6.10,Brighton,Merkaz Klita,MID,6.20,20.00,3.54,2.0,0.00,-9065.00,1.59,2.00,1.05,508.00,0.95,26.9,0.00,1.00,לא,0.00,0.00
Hume,25.17,74.00,7.93,5.10,Sunderland,Torpedo Eshel,DEF,4.50,41.00,3.77,0.4,0.00,-2.00,5.80,1.00,1.05,978.00,-0.05,32.8,2.00,4.00,לא,0.00,0.00
Füllkrug,31.50,49.00,4.29,6.10,West Ham,חופשי,FWD,5.60,10.00,2.37,0.7,0.00,-1674.00,2.14,0.00,1.04,379.00,-1.04,21.9,0.00,1.00,לא,0.00,0.00
Ward-Prowse,29.33,54.00,4.27,6.10,West Ham,חופשי,MID,5.60,11.00,2.39,0.2,0.00,-263.00,2.83,0.00,1.04,414.00,-1.04,23.9,0.00,1.00,כן,1.00,1.00
Mac Allister,32.42,65.00,6.72,5.10,Liverpool,חופשי,MID,6.30,25.00,3.53,1.2,0.00,1297.00,3.53,2.00,1.03,637.00,0.97,28.5,0.00,2.00,לא,0.00,0.00
Ugochukwu,23.10,74.00,5.61,5.10,Burnley,חופשי,MID,5.00,32.00,4.90,0.1,0.00,-125.00,5.05,3.00,1.03,588.00,1.97,24.8,3.00,2.00,לא,0.00,0.00
James,29.33,54.00,4.90,6.10,Leeds,חופשי,MID,5.30,11.00,3.49,0.1,0.00,-120.00,0.95,0.00,1.02,284.00,-1.02,15.7,0.00,1.00,לא,0.00,0.00
Diouf,28.26,61.00,5.93,6.10,West Ham,חופשי,DEF,4.30,31.00,2.95,3.1,0.00,-10393.00,6.67,4.00,1.01,945.00,2.99,38.6,1.00,1.00,לא,0.00,0.00
J.Palhinha,25.68,76.00,5.95,5.10,Spurs,Merkaz Klita,MID,5.50,51.00,5.33,1.8,0.00,-2432.00,8.15,3.00,0.99,861.00,2.01,38.3,8.00,3.00,לא,0.00,0.00
F.Kadıoğlu,23.75,71.00,9.09,4.00,Brighton,Los chicos 🌟,DEF,4.40,22.00,2.70,0.2,0.00,481.00,5.15,0.00,0.98,734.00,-0.98,24.0,0.00,2.00,לא,0.00,0.00
Isak,35.59,46.00,4.99,6.10,Liverpool,Los chicos 🌟,FWD,10.40,10.00,3.60,4.6,0.00,-14625.00,1.08,1.00,0.97,250.00,0.03,8.7,0.00,0.00,לא,0.00,0.00
Xavi,32.70,67.00,4.84,5.10,Spurs,Hamalik,MID,6.70,20.00,3.40,1.3,0.00,-8234.00,3.74,1.00,0.97,530.00,0.03,22.5,0.00,2.00,לא,0.00,0.00
Van Hecke,19.71,75.00,9.60,5.10,Brighton,The Gingers,DEF,4.40,40.00,3.64,1.3,1.00,3587.00,9.27,1.00,0.97,990.00,0.03,46.6,4.00,2.00,לא,0.00,0.00
Dalot,27.54,62.00,6.95,6.10,Man Utd,AEK Shemesh,DEF,4.40,22.00,3.34,1.0,0.00,-2090.00,6.08,2.00,0.96,592.00,1.04,25.7,0.00,1.00,לא,0.00,0.00
Savinho,30.30,64.00,5.10,5.10,Man City,חופשי,MID,6.90,16.00,3.71,0.5,0.00,-253.00,3.02,1.00,0.95,388.00,0.05,27.6,0.00,2.00,לא,0.00,0.00
Merino,27.70,60.00,6.91,6.10,Arsenal,חופשי,MID,5.90,23.00,5.01,1.0,0.00,1671.00,3.92,2.00,0.95,413.00,1.05,25.3,0.00,2.00,לא,0.00,0.00
Muniz,27.51,54.00,5.03,6.10,Fulham,חופשי,FWD,5.40,17.00,4.40,1.0,0.00,-3584.00,3.10,2.00,0.95,348.00,1.05,22.2,3.00,1.00,לא,0.00,0.00
Ødegaard,26.10,48.00,5.18,6.10,Arsenal,Merkaz Klita,MID,7.80,13.00,5.82,1.4,0.00,-2135.00,4.03,1.00,0.95,201.00,0.05,13.0,0.00,1.00,לא,3.00,1.00
Scott,23.30,67.00,5.14,5.10,Bournemouth,חופשי,MID,5.00,36.00,4.46,0.3,0.00,-84.00,5.94,2.00,0.95,727.00,1.05,30.0,2.00,4.00,לא,2.00,2.00
Berge,27.76,69.00,5.47,4.00,Fulham,חופשי,MID,4.90,27.00,2.54,0.1,0.00,-12.00,3.66,1.00,0.94,958.00,0.06,26.1,0.00,2.00,לא,0.00,0.00
Cash,27.61,76.00,9.68,5.10,Aston Villa,PSV Nivey,DEF,4.60,52.00,4.84,5.6,2.00,31570.00,6.06,2.00,0.93,966.00,1.07,43.1,5.00,4.00,לא,0.00,0.00
Alderete,21.86,55.00,6.78,6.10,Sunderland,חופשי,DEF,4.10,45.00,6.07,4.8,1.00,-38539.00,9.72,2.00,0.93,667.00,1.07,34.4,4.00,3.00,לא,0.00,0.00
Ajer,20.62,65.00,7.13,5.10,Brentford,חופשי,DEF,4.40,19.00,4.41,0.2,0.00,-526.00,7.89,2.00,0.93,388.00,1.07,19.0,0.00,1.00,לא,0.00,0.00
Lewis,0.00,,,,Man City,חופשי,DEF,4.80,15.00,7.85,1.6,1.00,-4275.00,6.28,1.00,0.93,172.00,0.07,9.4,2.00,1.00,לא,0.00,0.00
Savona,21.85,69.00,6.68,4.00,Nott'm Forest,חופשי,DEF,4.50,12.00,2.52,0.0,0.00,-136.00,6.29,1.00,0.92,429.00,0.08,19.2,0.00,0.00,לא,0.00,0.00
Palmer,0.00,,,,Chelsea,Torpedo Eshel,MID,10.30,11.00,6.88,8.9,0.00,-11178.00,1.88,1.00,0.92,144.00,0.08,12.9,1.00,1.00,כן,3.00,1.00
Trippier,27.58,57.00,6.58,6.10,Newcastle,Merkaz Klita,DEF,5.00,30.00,3.86,2.4,0.00,-9256.00,3.99,0.00,0.90,699.00,-0.90,34.6,2.00,4.00,לא,1.00,1.00
Henderson,26.48,64.00,4.66,6.10,Brentford,חופשי,MID,5.00,29.00,3.15,0.4,0.00,-628.00,3.69,2.00,0.90,829.00,1.10,30.6,2.00,3.00,לא,0.00,0.00
Kerkez,26.57,65.00,7.39,6.10,Liverpool,Hamalik,DEF,5.70,21.00,2.72,3.3,0.00,-8114.00,6.74,1.00,0.89,694.00,0.11,29.6,0.00,1.00,לא,0.00,0.00
Struijk,17.30,52.00,6.39,6.10,Leeds,חופשי,DEF,4.40,25.00,3.09,0.3,0.00,-865.00,7.91,0.00,0.89,728.00,-0.89,24.7,2.00,2.00,לא,0.00,0.00
Tarkowski,23.02,68.00,6.58,5.10,Everton,Hamalik,DEF,5.40,43.00,3.91,5.9,0.00,-13853.00,10.36,0.00,0.88,990.00,-0.88,40.6,1.00,3.00,לא,0.00,0.00
Chiesa,0.00,,,,Liverpool,חופשי,MID,6.40,20.00,15.38,0.3,0.00,-746.00,7.69,3.00,0.87,117.00,2.13,17.7,0.00,0.00,לא,0.00,0.00
Bellegarde,25.92,60.00,4.46,6.10,Wolves,חופשי,MID,5.20,13.00,2.47,0.0,0.00,-49.00,4.37,0.00,0.85,474.00,-0.85,18.5,0.00,0.00,לא,0.00,2.00
Gittens,23.90,53.00,5.02,6.10,Chelsea,חופשי,MID,6.10,9.00,3.27,0.1,0.00,-371.00,2.90,0.00,0.85,248.00,-0.85,16.2,0.00,0.00,לא,0.00,0.00
Christie,22.08,57.00,5.27,6.10,Bournemouth,חופשי,MID,5.00,16.00,6.37,0.1,0.00,-119.00,6.77,2.00,0.85,226.00,1.15,15.6,0.00,0.00,לא,0.00,0.00
Bruun Larsen,26.40,59.00,4.70,6.10,Burnley,חופשי,MID,5.30,16.00,3.50,0.0,0.00,-32.00,1.97,1.00,0.84,411.00,0.16,16.9,0.00,1.00,לא,0.00,0.00
Martinelli,28.12,49.00,5.40,6.10,Arsenal,חופשי,MID,6.80,16.00,6.73,0.8,0.00,-4953.00,2.52,1.00,0.83,214.00,0.17,17.5,1.00,1.00,לא,1.00,3.00
Gomes,25.87,63.00,4.35,6.10,Wolves,חופשי,MID,5.30,24.00,2.59,0.1,0.00,-186.00,6.25,0.00,0.83,835.00,-0.83,27.0,0.00,1.00,לא,0.00,0.00
Bergvall,30.34,52.00,4.42,6.10,Spurs,חופשי,MID,5.40,24.00,5.28,0.3,1.00,-2574.00,5.06,2.00,0.82,409.00,1.18,22.8,0.00,2.00,לא,0.00,0.00
Zirkzee,0.00,,,,Man Utd,חופשי,FWD,5.80,4.00,4.39,0.4,0.00,26.00,4.39,0.00,0.82,82.00,-0.82,8.9,0.00,0.00,לא,0.00,0.00
Jensen,22.94,41.00,5.25,1.80,Brentford,חופשי,MID,4.90,21.00,8.83,0.1,0.00,-113.00,7.15,2.00,0.80,214.00,1.20,20.0,0.00,0.00,לא,1.00,1.00
Hee Chan,30.91,54.00,4.41,6.10,Wolves,חופשי,MID,5.70,16.00,3.93,0.1,0.00,-125.00,2.95,1.00,0.79,366.00,0.21,13.7,0.00,0.00,לא,0.00,0.00
Milenković,26.28,66.00,6.09,6.10,Nott'm Forest,Torpedo Eshel,DEF,5.20,19.00,1.73,3.8,0.00,-9344.00,7.00,0.00,0.78,990.00,-0.78,26.4,0.00,0.00,לא,0.00,0.00
Adams,24.26,75.00,7.13,5.10,Bournemouth,חופשי,MID,5.00,37.00,3.49,0.5,0.00,975.00,6.71,2.00,0.77,953.00,1.23,35.4,1.00,4.00,לא,0.00,0.00
Rodon,23.66,72.00,7.47,5.10,Leeds,Merkaz Klita,DEF,4.10,46.00,4.18,6.4,1.00,-3086.00,8.64,2.00,0.77,990.00,1.23,45.5,5.00,2.00,לא,0.00,0.00
Sadiki,27.63,70.00,6.58,1.90,Sunderland,חופשי,MID,5.00,26.00,2.38,0.1,0.00,460.00,4.85,0.00,0.76,983.00,-0.76,26.8,0.00,4.00,לא,0.00,0.00
Sangaré,23.81,62.00,4.90,6.10,Nott'm Forest,חופשי,MID,4.90,18.00,3.24,0.1,0.00,-28.00,6.48,1.00,0.75,500.00,0.25,20.1,0.00,0.00,לא,0.00,0.00
Andrey Santos,22.02,49.00,4.85,6.10,Chelsea,חופשי,MID,4.50,7.00,2.78,0.3,0.00,-280.00,4.36,0.00,0.75,227.00,-0.75,11.3,0.00,0.00,לא,0.00,0.00
Hughes,21.81,58.00,4.52,6.10,Crystal Palace,חופשי,MID,4.80,14.00,2.83,0.1,0.00,-171.00,4.84,0.00,0.75,446.00,-0.75,18.2,0.00,3.00,לא,0.00,0.00
Mykolenko,21.16,69.00,6.49,5.10,Everton,חופשי,DEF,4.90,17.00,2.14,0.4,0.00,-87.00,6.92,0.00,0.75,715.00,-0.75,21.0,0.00,1.00,לא,0.00,0.00
Guessand,19.47,59.00,6.33,6.10,Aston Villa,חופשי,MID,6.20,14.00,3.00,0.0,0.00,68.00,4.50,0.00,0.75,420.00,-0.75,14.7,0.00,1.00,לא,0.00,0.00
Adama,30.22,57.00,4.83,6.10,Fulham,חופשי,MID,5.20,11.00,4.09,0.2,0.00,-223.00,0.74,0.00,0.74,242.00,-0.74,12.9,0.00,0.00,לא,0.00,0.00
Bentancur,26.00,77.00,5.69,5.10,Spurs,חופשי,MID,5.30,35.00,4.81,0.4,1.00,-2177.00,6.05,2.00,0.74,655.00,1.26,28.1,3.00,2.00,לא,0.00,0.00
Robertson,20.12,64.00,9.82,5.10,Liverpool,Amit United🏆🏆,DEF,5.80,11.00,3.40,1.0,1.00,347.00,5.88,0.00,0.74,291.00,-0.74,21.9,2.00,1.00,לא,2.00,3.00
Yarmoliuk,26.23,67.00,4.67,4.00,Brentford,חופשי,MID,5.00,33.00,3.42,0.1,0.00,-52.00,4.56,1.00,0.73,868.00,0.27,28.4,0.00,2.00,לא,0.00,0.00
Kilman,19.41,66.00,5.96,6.10,West Ham,חופשי,DEF,4.30,20.00,1.82,0.2,0.00,-533.00,8.91,0.00,0.73,990.00,-0.73,33.4,0.00,1.00,לא,0.00,0.00
Carvalho,0.00,,,,Brentford,חופשי,MID,4.80,13.00,11.70,0.2,0.00,-501.00,2.70,1.00,0.73,100.00,0.27,8.1,1.00,0.00,לא,0.00,0.00
Lerma,24.06,64.00,7.12,4.00,Crystal Palace,חופשי,MID,4.90,21.00,5.25,0.1,0.00,239.00,5.00,2.00,0.71,360.00,1.29,17.9,1.00,3.00,לא,0.00,0.00
N.Gonzalez,20.77,73.00,7.14,5.10,Man City,חופשי,MID,5.90,28.00,3.91,0.1,0.00,2546.00,7.27,1.00,0.69,644.00,0.31,29.5,1.00,4.00,לא,0.00,0.00
Hannibal,26.79,58.00,6.45,1.90,Burnley,חופשי,MID,4.80,21.00,6.59,0.1,0.00,127.00,3.76,2.00,0.68,287.00,1.32,12.2,0.00,1.00,לא,0.00,0.00
Truffert,22.32,70.00,9.45,5.10,Bournemouth,The Gingers,DEF,4.50,45.00,4.21,2.4,0.00,2411.00,7.20,1.00,0.68,962.00,0.32,39.5,6.00,4.00,לא,0.00,0.00
Tete,19.96,70.00,7.54,5.10,Fulham,חופשי,DEF,4.50,26.00,3.25,0.2,0.00,-18.00,7.75,0.00,0.68,720.00,-0.68,26.3,0.00,2.00,לא,0.00,0.00
Osula,37.61,51.00,4.94,6.10,Newcastle,חופשי,FWD,5.50,18.00,7.61,0.3,0.00,-2434.00,0.85,2.00,0.67,213.00,1.33,12.1,0.00,1.00,לא,0.00,0.00
Lacroix,23.24,77.00,9.38,5.10,Crystal Palace,Los chicos 🌟,DEF,5.00,56.00,5.09,3.9,1.00,13131.00,10.45,1.00,0.67,990.00,0.33,32.3,2.00,5.00,לא,0.00,0.00
Romero,22.22,53.00,5.84,6.10,Spurs,Hamalik,DEF,5.00,34.00,4.10,4.0,1.00,-9242.00,7.83,1.00,0.67,747.00,0.33,28.0,3.00,3.00,לא,0.00,0.00
Fer López,0.00,,,,Wolves,חופשי,MID,5.20,7.00,5.43,0.0,0.00,-47.00,0.78,1.00,0.66,116.00,0.34,11.0,0.00,0.00,לא,0.00,0.00
Dunk,24.13,71.00,9.02,5.10,Brighton,חופשי,DEF,4.50,29.00,2.64,1.1,0.00,742.00,7.27,1.00,0.64,990.00,0.36,24.3,0.00,2.00,לא,0.00,0.00
Acheampong,21.47,67.00,8.29,5.10,Chelsea,חופשי,DEF,3.90,27.00,6.98,2.1,1.00,-4129.00,6.21,1.00,0.64,348.00,0.36,15.8,5.00,2.00,לא,0.00,0.00
Agbadou,17.32,50.00,5.81,6.10,Wolves,חופשי,DEF,4.30,11.00,1.77,0.2,0.00,-402.00,10.61,0.00,0.64,560.00,-0.64,24.2,0.00,0.00,לא,0.00,0.00
Geertruida,19.62,61.00,8.26,6.10,Sunderland,חופשי,DEF,4.50,10.00,2.67,0.0,0.00,101.00,6.68,0.00,0.63,337.00,-0.63,11.5,0.00,0.00,לא,0.00,0.00
O'Brien,22.29,60.00,6.09,6.10,Everton,חופשי,DEF,4.90,28.00,2.90,0.4,0.00,-1469.00,6.64,0.00,0.62,868.00,-0.62,26.5,1.00,2.00,לא,0.00,0.00
Ampadu,21.80,66.00,4.60,1.90,Leeds,חופשי,MID,4.90,24.00,2.74,0.1,0.00,-135.00,6.75,0.00,0.62,787.00,-0.62,22.1,0.00,1.00,לא,0.00,0.00
Virgil,20.91,69.00,9.46,5.10,Liverpool,Torpedo Eshel,DEF,5.90,41.00,3.73,23.1,0.00,3404.00,10.91,0.00,0.61,990.00,-0.61,42.4,4.00,3.00,לא,0.00,0.00
Devenny,0.00,,,,Crystal Palace,חופשי,MID,4.30,9.00,5.16,1.1,0.00,3959.00,4.59,0.00,0.61,157.00,-0.61,12.1,0.00,0.00,לא,0.00,0.00
Bradley,24.89,71.00,9.34,5.10,Liverpool,Los chicos 🌟,DEF,5.00,15.00,2.55,0.3,0.00,8464.00,5.44,1.00,0.60,529.00,0.40,17.0,0.00,1.00,לא,0.00,0.00
Florentino,18.18,74.00,4.95,4.00,Burnley,חופשי,MID,5.00,28.00,3.84,0.1,0.00,-103.00,8.77,1.00,0.59,657.00,0.41,26.7,0.00,1.00,לא,0.00,0.00
Diarra,31.23,50.00,4.24,6.10,Sunderland,חופשי,MID,5.30,12.00,3.13,0.0,0.00,-90.00,1.83,1.00,0.58,345.00,0.42,8.0,0.00,2.00,לא,0.00,0.00
Barkley,0.00,,,,Aston Villa,חופשי,MID,4.80,10.00,11.25,0.0,0.00,298.00,5.63,1.00,0.58,80.00,0.42,13.4,0.00,0.00,לא,0.00,0.00
Tchaouna,27.03,60.00,4.53,4.00,Burnley,חופשי,MID,4.90,22.00,4.55,0.0,0.00,-77.00,2.90,2.00,0.57,435.00,1.43,13.8,0.00,1.00,לא,0.00,0.00
Matheus N.,24.35,81.00,9.90,5.10,Man City,Amit United🏆🏆,DEF,5.30,45.00,5.84,0.8,2.00,9500.00,6.88,3.00,0.57,693.00,2.43,29.3,4.00,3.00,לא,0.00,0.00
Walker,20.86,74.00,7.28,1.90,Burnley,חופשי,DEF,4.40,29.00,2.64,1.6,1.00,-3525.00,7.45,1.00,0.57,990.00,0.43,25.6,3.00,2.00,לא,0.00,0.00
Piroe,0.00,,,,Leeds,חופשי,FWD,5.00,6.00,3.03,0.4,0.00,-661.00,0.51,0.00,0.57,178.00,-0.57,9.6,0.00,1.00,לא,0.00,0.00
Castagne,17.02,57.00,6.57,6.10,Fulham,חופשי,DEF,4.40,10.00,2.27,0.1,0.00,-305.00,7.71,0.00,0.54,397.00,-0.54,15.8,0.00,0.00,לא,0.00,0.00
Mayenda,33.00,46.00,4.87,6.10,Sunderland,Merkaz Klita,FWD,5.40,16.00,5.54,0.7,0.00,-1568.00,1.04,1.00,0.53,260.00,0.47,12.3,2.00,2.00,לא,0.00,0.00
Traoré,30.30,69.00,6.76,4.00,Sunderland,חופשי,MID,5.50,13.00,3.27,0.1,0.00,819.00,2.77,1.00,0.53,358.00,0.47,17.9,0.00,1.00,לא,0.00,0.00
Lewis-Potter,25.96,58.00,6.37,6.10,Brentford,חופשי,DEF,4.90,21.00,4.24,0.3,0.00,-630.00,4.44,1.00,0.53,446.00,0.47,16.2,0.00,2.00,לא,0.00,0.00
Cairney,25.80,53.00,4.77,6.10,Fulham,חופשי,MID,4.90,8.00,3.67,0.0,0.00,-46.00,1.84,0.00,0.53,196.00,-0.53,7.3,0.00,0.00,לא,0.00,0.00
Estève,22.57,71.00,6.75,5.10,Burnley,חופשי,DEF,3.90,28.00,2.57,11.9,0.00,-13357.00,9.71,0.00,0.53,982.00,-0.53,29.6,0.00,2.00,לא,0.00,0.00
Tel,31.47,41.00,6.92,6.10,Spurs,חופשי,MID,6.30,23.00,8.41,0.1,0.00,384.00,2.56,2.00,0.52,246.00,1.48,14.5,2.00,1.00,לא,0.00,0.00
Tielemans,26.74,58.00,6.22,6.10,Aston Villa,חופשי,MID,5.90,12.00,3.23,0.6,0.00,722.00,2.96,1.00,0.52,334.00,0.48,17.1,0.00,1.00,לא,0.00,0.00
Saliba,24.98,70.00,7.80,1.90,Arsenal,The Gingers,DEF,6.00,39.00,4.85,11.6,0.00,-7523.00,7.09,0.00,0.52,724.00,-0.52,22.0,1.00,5.00,לא,0.00,0.00
Aït-Nouri,16.08,51.00,6.93,6.10,Man City,Los chicos 🌟,DEF,5.70,11.00,4.88,4.7,0.00,-7189.00,10.20,0.00,0.52,203.00,-0.52,7.8,1.00,1.00,לא,0.00,0.00
Harrison,23.53,57.00,4.57,6.10,Leeds,חופשי,MID,5.20,11.00,3.79,0.1,0.00,-94.00,3.79,0.00,0.51,261.00,-0.51,11.5,0.00,0.00,לא,0.00,0.00
Kamara,22.96,65.00,6.40,6.10,Aston Villa,חופשי,MID,4.90,23.00,3.21,0.2,0.00,103.00,5.31,2.00,0.51,644.00,1.49,28.9,1.00,3.00,לא,0.00,0.00
Douglas Luiz,27.62,56.00,4.44,6.10,Nott'm Forest,חופשי,MID,5.00,7.00,3.41,0.0,0.00,-334.00,3.41,1.00,0.50,185.00,0.50,8.0,0.00,0.00,לא,0.00,0.00
Ngumoha,0.00,,,,Liverpool,חופשי,MID,4.50,9.00,27.00,0.5,0.00,-1384.00,3.00,1.00,0.48,30.00,0.52,8.8,0.00,0.00,לא,0.00,0.00
Mavropanos,15.59,53.00,5.57,6.10,West Ham,חופשי,DEF,4.40,17.00,3.09,0.0,0.00,-185.00,10.73,0.00,0.47,495.00,-0.47,18.6,0.00,1.00,לא,0.00,0.00
Tzimas,0.00,,,,Brighton,חופשי,FWD,5.30,10.00,10.71,0.1,0.00,-72.00,3.21,1.00,0.46,84.00,0.54,11.5,0.00,0.00,לא,0.00,0.00
Gvardiol,25.02,64.00,8.87,5.10,Man City,AEK Shemesh,DEF,5.80,34.00,5.02,5.1,1.00,342.00,6.35,1.00,0.45,609.00,0.55,21.3,3.00,3.00,לא,0.00,0.00
Aké,21.75,56.00,6.98,6.10,Man City,חופשי,DEF,5.30,10.00,4.48,0.6,0.00,-970.00,5.82,0.00,0.45,201.00,-0.45,7.6,0.00,1.00,לא,0.00,0.00
Sancho,0.00,,,,Aston Villa,חופשי,MID,5.80,4.00,4.14,0.2,0.00,200.00,2.07,0.00,0.45,87.00,-0.45,11.1,0.00,0.00,לא,0.00,0.00
Janelt,0.00,,,,Brentford,חופשי,MID,4.90,10.00,6.21,0.0,0.00,4.00,7.45,0.00,0.45,145.00,-0.45,7.6,0.00,0.00,לא,0.00,0.00
Tolu,25.59,52.00,4.40,6.10,Wolves,חופשי,FWD,5.50,9.00,3.89,0.1,0.00,-156.00,3.89,0.00,0.44,208.00,-0.44,9.8,0.00,0.00,לא,0.00,0.00
Frimpong,0.00,,,,Liverpool,Francis Bodega FC,DEF,5.70,7.00,7.59,5.0,0.00,-14776.00,7.59,1.00,0.43,83.00,0.57,6.6,0.00,0.00,לא,0.00,0.00
Mings,19.41,51.00,6.22,6.10,Aston Villa,חופשי,DEF,4.40,24.00,4.35,0.8,0.00,-4310.00,7.42,0.00,0.42,497.00,-0.42,19.0,1.00,2.00,לא,0.00,0.00
Adingra,33.13,51.00,4.22,6.10,Sunderland,חופשי,MID,5.10,14.00,4.24,0.5,0.00,-1030.00,2.73,1.00,0.40,297.00,0.60,11.5,0.00,2.00,לא,0.00,0.00
Spence,30.07,67.00,6.11,5.10,Spurs,חופשי,DEF,4.50,31.00,3.68,1.5,0.00,-4504.00,4.63,0.00,0.40,758.00,-0.40,18.1,0.00,4.00,לא,0.00,0.00
George,0.00,,,,Chelsea,חופשי,MID,4.90,4.00,2.54,0.1,0.00,-59.00,1.27,0.00,0.40,142.00,-0.40,7.1,0.00,1.00,לא,0.00,0.00
Bakwa,0.00,,,,Nott'm Forest,חופשי,MID,6.00,5.00,2.62,0.0,0.00,-60.00,1.05,0.00,0.40,172.00,-0.40,15.3,0.00,0.00,לא,0.00,0.00
Onana,19.41,72.00,7.05,5.10,Aston Villa,חופשי,MID,4.80,24.00,4.45,0.7,0.00,4753.00,8.35,1.00,0.38,485.00,0.62,20.5,1.00,3.00,לא,0.00,0.00
Botman,15.87,58.00,6.72,6.10,Newcastle,PSV Nivey,DEF,4.90,31.00,4.35,0.6,0.00,-1811.00,8.69,0.00,0.38,642.00,-0.38,23.7,4.00,3.00,לא,0.00,0.00
Delap,0.00,,,,Chelsea,AEK Shemesh,FWD,6.20,6.00,3.51,1.0,0.00,1260.00,1.17,0.00,0.38,154.00,-0.38,6.9,0.00,1.00,לא,0.00,0.00
Kalimuendo,0.00,,,,Nott'm Forest,חופשי,FWD,6.00,6.00,8.18,0.1,0.00,-171.00,1.36,0.00,0.37,66.00,-0.37,4.1,0.00,0.00,לא,0.00,0.00
Rodrigo,24.18,53.00,4.26,6.10,Man City,חופשי,MID,6.30,12.00,3.70,0.4,0.00,-1361.00,5.55,0.00,0.36,292.00,-0.36,12.0,0.00,1.00,לא,0.00,0.00
Aina,22.42,56.00,5.71,6.10,Nott'm Forest,חופשי,DEF,4.70,6.00,2.00,2.4,0.00,-6401.00,7.33,0.00,0.36,270.00,-0.36,9.8,0.00,0.00,לא,0.00,0.00
Tchatchoua,19.56,61.00,6.69,6.10,Wolves,חופשי,DEF,4.50,14.00,2.44,0.0,0.00,-27.00,7.49,0.00,0.36,517.00,-0.36,23.0,0.00,0.00,לא,0.00,0.00
Maatsen,0.00,,,,Aston Villa,חופשי,DEF,4.20,6.00,3.20,0.4,0.00,-429.00,9.59,0.00,0.36,169.00,-0.36,15.1,0.00,0.00,לא,0.00,0.00
Onyeka,0.00,,,,Brentford,חופשי,MID,4.90,12.00,12.27,0.1,0.00,-60.00,5.11,2.00,0.36,88.00,1.64,4.6,0.00,0.00,לא,0.00,0.00
L.Miley,33.28,61.00,4.62,6.10,Newcastle,חופשי,MID,4.40,14.00,4.62,2.0,0.00,-2224.00,3.30,1.00,0.35,273.00,0.65,10.9,0.00,1.00,לא,0.00,0.00
Yoro,22.85,57.00,6.61,6.10,Man Utd,חופשי,DEF,4.40,23.00,3.24,1.6,0.00,-5642.00,7.34,1.00,0.35,638.00,0.65,15.5,1.00,1.00,לא,0.00,0.00
Rúben,24.92,78.00,9.12,1.90,Man City,AEK Shemesh,DEF,5.50,45.00,4.48,4.4,0.00,1931.00,7.66,0.00,0.34,905.00,-0.34,26.0,1.00,5.00,לא,0.00,0.00
Maguire,24.67,62.00,8.06,5.10,Man Utd,חופשי,DEF,4.40,33.00,8.71,0.8,1.00,-1720.00,6.07,2.00,0.34,341.00,1.66,14.3,3.00,2.00,לא,0.00,0.00
Zinchenko,18.28,57.00,5.77,6.10,Nott'm Forest,חופשי,DEF,4.90,5.00,1.78,0.2,0.00,-820.00,7.47,0.00,0.34,253.00,-0.34,13.0,0.00,0.00,לא,0.00,0.00
Livramento,30.97,50.00,6.36,6.10,Newcastle,AEK Shemesh,DEF,4.90,37.00,6.33,2.7,0.00,-13233.00,3.08,1.00,0.33,526.00,0.67,14.3,3.00,5.00,לא,0.00,0.00
Hoever,22.34,61.00,6.31,6.10,Wolves,חופשי,DEF,3.90,5.00,1.81,0.9,0.00,-1085.00,7.23,0.00,0.33,249.00,-0.33,13.1,0.00,0.00,לא,0.00,0.00
Baleba,26.87,67.00,4.43,6.10,Brighton,חופשי,MID,4.70,16.00,2.24,2.0,0.00,-1251.00,4.61,0.00,0.31,644.00,-0.31,8.4,0.00,4.00,לא,0.00,0.00
Laurent,18.91,60.00,4.10,6.10,Burnley,חופשי,MID,4.90,15.00,2.42,0.0,0.00,-45.00,5.82,0.00,0.31,557.00,-0.31,12.9,0.00,0.00,לא,0.00,0.00
Hill,17.43,50.00,6.67,6.10,Bournemouth,חופשי,DEF,4.00,17.00,5.60,0.8,0.00,-1444.00,7.91,0.00,0.31,273.00,-0.31,9.1,0.00,2.00,לא,0.00,0.00
Ekdal,17.39,54.00,6.04,6.10,Burnley,חופשי,DEF,4.00,20.00,3.38,1.1,0.00,-3572.00,10.13,0.00,0.31,533.00,-0.31,21.7,1.00,1.00,לא,0.00,0.00
Nwaneri,0.00,,,,Arsenal,חופשי,MID,5.10,7.00,3.87,0.1,0.00,-355.00,1.66,0.00,0.31,163.00,-0.31,5.4,0.00,1.00,לא,0.00,0.00
Kevin,23.77,64.00,4.52,6.10,Fulham,חופשי,MID,5.90,10.00,2.87,0.1,0.00,-127.00,4.01,0.00,0.30,314.00,-0.30,17.5,0.00,1.00,לא,0.00,0.00
Murillo,22.05,65.00,5.93,6.10,Nott'm Forest,חופשי,DEF,5.30,13.00,1.80,1.9,0.00,-3035.00,8.32,0.00,0.30,649.00,-0.30,16.1,0.00,0.00,לא,0.00,0.00
Udogie,29.48,61.00,5.82,6.10,Spurs,חופשי,DEF,4.40,12.00,3.17,0.4,0.00,-110.00,4.22,1.00,0.29,341.00,0.71,19.7,0.00,0.00,לא,0.00,0.00
Burn,23.79,58.00,6.51,6.10,Newcastle,Merkaz Klita,DEF,5.20,48.00,4.44,9.2,1.00,-117921.00,8.06,1.00,0.28,972.00,0.72,26.9,4.00,5.00,לא,0.00,0.00
Röhl,0.00,,,,Everton,חופשי,MID,5.00,4.00,3.96,0.0,0.00,3.00,5.93,0.00,0.28,91.00,-0.28,3.2,0.00,0.00,לא,0.00,0.00
Tanaka,27.75,60.00,4.38,6.10,Leeds,חופשי,MID,4.80,13.00,3.66,0.1,0.00,-191.00,2.53,0.00,0.27,320.00,-0.27,9.0,0.00,2.00,לא,0.00,0.00
Pau,19.95,75.00,9.03,1.90,Aston Villa,חופשי,DEF,4.30,25.00,3.77,0.4,0.00,1754.00,6.63,0.00,0.27,597.00,-0.27,15.5,2.00,2.00,לא,0.00,0.00
J.Ramsey,26.08,60.00,4.34,6.10,Newcastle,חופשי,MID,5.30,5.00,2.37,0.2,0.00,-89.00,3.32,0.00,0.26,190.00,-0.26,12.9,0.00,0.00,לא,0.00,0.00
Hickey,22.92,56.00,7.85,6.10,Brentford,חופשי,DEF,4.00,8.00,2.85,0.3,0.00,64.00,4.98,0.00,0.26,253.00,-0.26,6.0,0.00,0.00,לא,0.00,0.00
Shaw,28.50,72.00,8.85,1.90,Man Utd,חופשי,DEF,4.50,28.00,2.70,0.5,0.00,1079.00,5.11,1.00,0.25,933.00,0.75,20.5,0.00,2.00,לא,2.00,0.00
Wan-Bissaka,27.20,70.00,6.22,1.90,West Ham,חופשי,DEF,4.30,14.00,2.25,5.7,0.00,-5651.00,7.22,1.00,0.25,561.00,0.75,19.0,0.00,0.00,לא,0.00,0.00
Elliott,0.00,,,,Aston Villa,חופשי,MID,5.40,4.00,3.71,0.2,0.00,-738.00,1.86,0.00,0.25,97.00,-0.25,4.4,0.00,0.00,לא,0.00,0.00
Yates,24.89,62.00,6.13,6.10,Nott'm Forest,חופשי,MID,4.70,11.00,4.13,0.1,0.00,213.00,6.00,1.00,0.24,240.00,0.76,9.9,0.00,0.00,לא,0.00,0.00
André,23.99,65.00,4.44,6.10,Wolves,חופשי,MID,5.30,25.00,3.20,0.1,0.00,-110.00,5.76,0.00,0.24,703.00,-0.24,14.4,1.00,0.00,לא,0.00,0.00
Gnonto,20.94,52.00,4.06,6.10,Leeds,חופשי,MID,5.20,6.00,2.83,0.1,0.00,-73.00,5.18,0.00,0.24,191.00,-0.24,5.3,0.00,1.00,לא,0.00,0.00
Bassey,20.51,69.00,6.97,1.90,Fulham,חופשי,DEF,4.50,28.00,2.78,0.6,0.00,-866.00,6.74,0.00,0.24,908.00,-0.24,20.9,3.00,2.00,לא,0.00,0.00
McNeil,0.00,,,,Everton,חופשי,MID,5.50,3.00,5.29,0.1,0.00,-241.00,1.76,0.00,0.24,51.00,-0.24,2.0,0.00,0.00,לא,1.00,1.00
Alcaraz,25.80,57.00,4.22,6.10,Everton,חופשי,MID,5.20,8.00,2.98,0.1,0.00,-147.00,2.60,0.00,0.23,242.00,-0.23,9.8,0.00,0.00,לא,0.00,0.00
Toti,22.39,59.00,5.94,6.10,Wolves,חופשי,DEF,4.30,6.00,1.03,0.1,0.00,-81.00,5.83,0.00,0.21,525.00,-0.21,17.9,0.00,0.00,לא,0.00,0.00
Awoniyi,0.00,,,,Nott'm Forest,חופשי,FWD,5.20,4.00,2.71,0.4,0.00,-390.00,2.03,0.00,0.21,133.00,-0.21,7.7,0.00,0.00,לא,0.00,0.00
A.Jimenez,18.89,67.00,7.16,6.10,Bournemouth,חופשי,DEF,4.50,8.00,1.76,0.0,0.00,-40.00,5.72,0.00,0.20,409.00,-0.20,12.1,0.00,1.00,לא,0.00,0.00
Adli,13.77,57.00,4.63,6.10,Bournemouth,חופשי,MID,5.40,8.00,3.43,0.0,0.00,-29.00,8.14,0.00,0.20,210.00,-0.20,13.8,0.00,0.00,לא,0.00,0.00
Gomez,0.00,,,,Liverpool,חופשי,DEF,4.90,4.00,8.37,0.1,0.00,-99.00,16.74,0.00,0.20,43.00,-0.20,2.0,0.00,0.00,לא,0.00,0.00
Solanke,0.00,,,,Spurs,Los chicos 🌟,FWD,7.20,2.00,5.81,0.9,0.00,-1026.00,8.71,0.00,0.20,31.00,-0.20,3.1,0.00,0.00,לא,0.00,0.00
Konsa,28.41,75.00,8.55,5.10,Aston Villa,חופשי,DEF,4.40,33.00,3.39,8.4,0.00,37.00,5.76,0.00,0.19,875.00,-0.19,23.9,0.00,4.00,לא,0.00,0.00
Henry,20.87,55.00,6.15,6.10,Brentford,חופשי,DEF,4.30,6.00,2.86,0.1,0.00,-74.00,5.24,0.00,0.19,189.00,-0.19,4.6,0.00,0.00,לא,0.00,0.00
Schär,19.54,52.00,6.14,6.10,Newcastle,חופשי,DEF,5.40,25.00,5.31,1.7,0.00,-4934.00,10.19,0.00,0.19,424.00,-0.19,15.7,0.00,3.00,לא,0.00,0.00
Mainoo,0.00,,,,Man Utd,חופשי,MID,4.70,7.00,4.57,0.4,0.00,-2147.00,5.87,0.00,0.19,138.00,-0.19,9.1,0.00,0.00,לא,0.00,0.00
McAtee,0.00,,,,Nott'm Forest,חופשי,MID,5.10,4.00,2.86,0.1,0.00,-148.00,2.14,0.00,0.19,126.00,-0.19,6.1,0.00,0.00,לא,0.00,0.00
Kolo Muani,30.72,61.00,4.36,6.10,Spurs,PSV Nivey,FWD,6.90,6.00,2.86,0.3,0.00,-1041.00,2.38,0.00,0.18,189.00,-0.18,3.6,0.00,1.00,לא,0.00,0.00
Rigg,27.14,57.00,4.37,6.10,Sunderland,חופשי,MID,4.80,8.00,3.87,0.0,0.00,-55.00,2.90,0.00,0.18,186.00,-0.18,4.3,0.00,1.00,לא,0.00,0.00
Iroegbunam,23.32,60.00,5.40,6.10,Everton,חופשי,MID,4.90,18.00,4.81,0.0,0.00,9.00,6.41,2.00,0.18,337.00,1.82,10.1,0.00,4.00,לא,0.00,0.00
Milosavljević,12.72,63.00,8.69,6.10,Bournemouth,חופשי,DEF,4.50,13.00,4.25,0.0,0.00,45.00,9.49,0.00,0.18,275.00,-0.18,9.0,0.00,1.00,לא,0.00,0.00
Gannon-Doak,0.00,,,,Bournemouth,חופשי,MID,4.90,7.00,11.89,0.0,0.00,-58.00,5.09,1.00,0.18,53.00,0.82,4.7,0.00,0.00,לא,0.00,0.00
Fofana,17.01,68.00,8.63,1.90,Chelsea,חופשי,DEF,4.40,15.00,4.40,0.2,0.00,1511.00,7.33,0.00,0.16,307.00,-0.16,7.3,0.00,2.00,לא,0.00,0.00
Mazraoui,13.89,52.00,8.38,6.10,Man Utd,חופשי,DEF,4.90,10.00,4.50,0.2,0.00,204.00,8.10,0.00,0.15,200.00,-0.15,6.6,1.00,1.00,לא,0.00,0.00
Hall,0.00,,,,Newcastle,חופשי,DEF,5.20,9.00,5.55,0.7,0.00,-300.00,9.86,0.00,0.15,146.00,-0.15,5.1,1.00,1.00,לא,0.00,0.00
Dominguez,0.00,,,,Nott'm Forest,חופשי,MID,5.00,2.00,1.64,0.0,0.00,-11.00,5.73,0.00,0.15,110.00,-0.15,6.3,0.00,0.00,לא,0.00,0.00
Masuaku,0.00,,,,Sunderland,חופשי,DEF,3.90,1.00,0.72,0.7,0.00,-785.00,7.20,0.00,0.15,125.00,-0.15,4.9,0.00,0.00,לא,0.00,0.00
Brobbey,0.00,,,,Sunderland,חופשי,FWD,5.50,13.00,11.04,0.1,0.00,4874.00,4.25,2.00,0.15,106.00,1.85,9.4,0.00,0.00,לא,0.00,0.00
Møller Wolfe,0.00,,,,Wolves,חופשי,DEF,4.30,8.00,4.83,0.1,0.00,-90.00,4.83,1.00,0.15,149.00,0.85,6.3,0.00,0.00,לא,0.00,0.00
Reinildo,24.26,61.00,6.04,6.10,Sunderland,חופשי,DEF,4.00,18.00,2.45,4.3,0.00,-3479.00,7.48,0.00,0.13,662.00,-0.13,15.4,0.00,2.00,לא,0.00,0.00
Potts,23.15,64.00,5.99,6.10,West Ham,חופשי,MID,4.40,10.00,3.19,0.7,0.00,1858.00,8.30,0.00,0.13,282.00,-0.13,14.0,0.00,0.00,לא,0.00,0.00
Marshall,0.00,,,,West Ham,חופשי,FWD,4.40,2.00,3.10,0.7,0.00,-879.00,3.10,0.00,0.13,58.00,-0.13,0.8,0.00,0.00,לא,0.00,0.00
Doherty,17.31,61.00,6.02,4.00,Wolves,חופשי,DEF,4.40,2.00,0.62,0.1,0.00,-351.00,8.04,0.00,0.12,291.00,-0.12,7.6,0.00,0.00,לא,0.00,0.00
Canvot,0.00,,,,Crystal Palace,חופשי,DEF,4.50,11.00,10.88,0.0,0.00,221.00,14.84,0.00,0.12,91.00,-0.12,4.0,2.00,1.00,לא,0.00,0.00
Tosin,16.78,58.00,6.26,6.10,Chelsea,חופשי,DEF,4.20,14.00,3.34,0.4,0.00,-1476.00,9.31,0.00,0.11,377.00,-0.11,12.2,0.00,1.00,לא,0.00,0.00
Sonne,0.00,,,,Burnley,חופשי,DEF,3.90,3.00,2.65,0.1,0.00,-140.00,1.76,0.00,0.11,102.00,-0.11,3.0,0.00,0.00,לא,0.00,0.00
Willock,0.00,,,,Newcastle,חופשי,MID,5.00,5.00,4.55,0.1,0.00,-57.00,5.45,0.00,0.11,99.00,-0.11,1.9,0.00,1.00,לא,0.00,0.00
Bogarde,24.41,51.00,6.54,6.10,Aston Villa,חופשי,DEF,4.00,16.00,4.95,0.6,0.00,-932.00,3.40,0.00,0.09,291.00,-0.09,6.8,3.00,1.00,לא,0.00,0.00
Smith,21.42,54.00,7.04,6.10,Bournemouth,חופשי,DEF,4.40,9.00,3.80,0.2,0.00,-19.00,4.65,0.00,0.09,213.00,-0.09,3.6,0.00,1.00,לא,0.00,0.00
Diakité,16.43,59.00,6.82,6.10,Bournemouth,חופשי,DEF,4.50,30.00,3.75,0.4,1.00,-1076.00,9.00,0.00,0.09,720.00,-0.09,21.3,2.00,3.00,לא,0.00,0.00
Mosquera,14.54,54.00,6.97,6.10,Arsenal,חופשי,DEF,5.40,14.00,4.29,0.2,0.00,-290.00,8.57,0.00,0.09,294.00,-0.09,9.0,1.00,1.00,לא,0.00,0.00
Buonanotte,0.00,,,,Chelsea,חופשי,MID,4.70,1.00,2.00,0.1,0.00,-121.00,2.00,0.00,0.09,45.00,-0.09,3.9,0.00,0.00,לא,0.00,0.00
Irving,0.00,,,,West Ham,חופשי,MID,4.40,8.00,4.83,0.3,0.00,-753.00,4.83,0.00,0.09,149.00,-0.09,7.0,0.00,0.00,לא,0.00,0.00
Ugarte,18.10,57.00,4.16,6.10,Man Utd,חופשי,MID,4.80,13.00,3.91,0.1,0.00,-209.00,9.63,0.00,0.08,299.00,-0.08,8.2,0.00,0.00,לא,0.00,0.00
Robinson,0.00,,,,Fulham,חופשי,DEF,4.90,3.00,4.43,0.5,0.00,-1752.00,2.95,0.00,0.08,61.00,-0.08,4.1,0.00,0.00,לא,0.00,0.00
Pickford,31.61,70.00,6.56,1.90,Everton,PSV Nivey,GKP,5.50,42.00,3.82,9.5,1.00,-9247.00,1.82,0.00,0.07,990.00,-0.07,28.2,3.00,3.00,לא,0.00,0.00
L.Guilherme,0.00,,,,West Ham,חופשי,MID,4.90,3.00,5.00,0.0,0.00,-19.00,1.67,0.00,0.07,54.00,-0.07,0.4,0.00,0.00,לא,0.00,0.00
Henderson,32.66,77.00,9.17,1.90,Crystal Palace,Torpedo Eshel,GKP,5.00,45.00,4.09,7.7,0.00,18842.00,1.18,0.00,0.06,990.00,-0.06,22.2,2.00,5.00,לא,0.00,0.00
Stones,25.45,57.00,6.22,6.10,Man City,חופשי,DEF,5.40,11.00,3.06,0.7,0.00,-802.00,4.72,0.00,0.06,324.00,-0.06,9.1,0.00,1.00,לא,0.00,0.00
Morato,17.03,58.00,5.51,6.10,Nott'm Forest,חופשי,DEF,4.40,8.00,1.64,0.1,0.00,-102.00,8.42,0.00,0.06,438.00,-0.06,10.2,0.00,0.00,לא,0.00,0.00
Danso,11.40,65.00,6.16,1.90,Spurs,חופשי,DEF,4.30,12.00,4.20,0.1,0.00,-344.00,12.96,0.00,0.06,257.00,-0.06,6.8,1.00,1.00,לא,0.00,0.00
G.Rodriguez,0.00,,,,West Ham,חופשי,MID,4.80,3.00,3.03,0.0,0.00,-52.00,1.01,0.00,0.06,89.00,-0.06,0.8,0.00,0.00,לא,0.00,0.00
Bayindir,28.82,56.00,6.20,6.10,Man Utd,חופשי,GKP,4.80,11.00,1.83,0.3,0.00,-597.00,1.17,0.00,0.05,540.00,-0.05,12.8,0.00,0.00,לא,0.00,0.00
Mosquera,21.35,53.00,5.61,4.00,Wolves,חופשי,DEF,4.30,1.00,0.49,0.1,0.00,-57.00,5.93,0.00,0.05,182.00,-0.05,4.2,0.00,0.00,לא,0.00,0.00
Watson,0.00,,,,Brighton,חופשי,MID,4.90,2.00,4.50,0.0,0.00,-28.00,2.25,0.00,0.05,40.00,-0.05,1.4,0.00,0.00,לא,0.00,0.00
Lavia,0.00,,,,Chelsea,חופשי,MID,4.90,4.00,3.43,0.0,0.00,-246.00,6.00,0.00,0.05,105.00,-0.05,1.8,0.00,0.00,לא,0.00,0.00
Gray,0.00,,,,Spurs,חופשי,MID,4.80,4.00,5.07,0.1,0.00,-382.00,3.80,0.00,0.05,71.00,-0.05,2.2,0.00,1.00,לא,0.00,0.00
Sels,35.91,68.00,5.97,6.10,Nott'm Forest,Hamalik,GKP,4.80,23.00,2.09,8.0,0.00,-22384.00,0.91,0.00,0.04,990.00,-0.04,27.0,0.00,0.00,לא,0.00,0.00
Raya,34.11,79.00,8.08,1.90,Arsenal,The Gingers,GKP,5.90,53.00,4.82,32.3,1.00,-4254.00,0.82,0.00,0.04,990.00,-0.04,17.0,3.00,7.00,לא,0.00,0.00
Todibo,17.28,66.00,5.72,6.10,West Ham,חופשי,DEF,4.30,7.00,1.30,0.1,0.00,-113.00,8.52,0.00,0.04,486.00,-0.04,13.1,0.00,0.00,לא,0.00,0.00
Cook,0.00,,,,Bournemouth,חופשי,MID,4.90,5.00,5.70,0.0,0.00,63.00,9.11,0.00,0.04,79.00,-0.04,3.1,0.00,0.00,לא,0.00,0.00
Pinnock,0.00,,,,Brentford,חופשי,DEF,4.30,0.00,0.00,0.1,0.00,-124.00,8.71,0.00,0.04,155.00,-0.04,4.3,0.00,0.00,לא,0.00,0.00
José Sá,32.04,58.00,5.81,6.10,Wolves,חופשי,GKP,4.30,5.00,1.25,1.1,0.00,-2070.00,0.75,0.00,0.03,360.00,-0.03,5.5,0.00,0.00,לא,0.00,0.00
Martinez,30.80,81.00,9.48,1.90,Aston Villa,Hamalik,GKP,5.00,40.00,4.44,2.5,2.00,43573.00,0.89,0.00,0.03,810.00,-0.03,18.2,3.00,3.00,לא,0.00,0.00
Tuanzebe,17.53,74.00,8.49,1.90,Burnley,חופשי,DEF,3.90,16.00,3.20,1.8,0.00,1379.00,11.20,0.00,0.02,450.00,-0.02,11.9,0.00,1.00,לא,0.00,0.00
Khusanov,16.32,51.00,6.05,6.10,Man City,חופשי,DEF,5.40,11.00,4.36,0.3,0.00,-291.00,8.72,0.00,0.02,227.00,-0.02,4.8,0.00,1.00,לא,0.00,0.00
Diop,15.72,60.00,6.18,4.00,Fulham,חופשי,DEF,4.40,4.00,1.61,0.1,0.00,-148.00,8.07,0.00,0.02,223.00,-0.02,4.0,0.00,0.00,לא,0.00,0.00
White,0.00,,,,Arsenal,חופשי,DEF,5.30,6.00,7.71,0.4,0.00,-642.00,10.29,0.00,0.02,70.00,-0.02,2.8,0.00,1.00,לא,0.00,0.00
B.Badiashile,0.00,,,,Chelsea,חופשי,DEF,4.40,0.00,0.00,0.0,0.00,-26.00,8.31,0.00,0.02,65.00,-0.02,1.8,0.00,0.00,לא,0.00,0.00
Kelleher,35.00,71.00,6.57,1.90,Brentford,PSV Nivey,GKP,4.50,32.00,2.91,7.7,0.00,-5107.00,0.91,0.00,0.01,990.00,-0.01,22.2,0.00,2.00,לא,0.00,0.00
Verbruggen,33.96,72.00,8.95,1.90,Brighton,Los chicos 🌟,GKP,4.40,26.00,2.36,4.0,0.00,535.00,0.45,0.00,0.01,990.00,-0.01,22.8,0.00,2.00,לא,0.00,0.00
Sánchez,33.78,76.00,8.98,1.90,Chelsea,AEK Shemesh,GKP,4.80,37.00,3.68,13.7,0.00,7099.00,0.70,0.00,0.01,904.00,-0.01,17.7,1.00,5.00,לא,0.00,0.00
Roefs,33.39,73.00,8.80,1.90,Sunderland,Merkaz Klita,GKP,4.70,56.00,5.09,7.4,2.00,41155.00,0.91,0.00,0.01,990.00,-0.01,34.3,6.00,4.00,לא,0.00,0.00
Vicario,32.29,69.00,6.39,1.90,Spurs,Los chicos 🌟,GKP,5.00,47.00,4.27,9.6,0.00,-37337.00,1.09,0.00,0.01,990.00,-0.01,28.7,5.00,4.00,לא,0.00,0.00
Darlow,30.34,57.00,5.96,6.10,Leeds,חופשי,GKP,4.00,10.00,2.00,2.3,0.00,-2815.00,1.20,0.00,0.01,450.00,-0.01,10.5,0.00,0.00,לא,0.00,0.00
Johnstone,28.25,67.00,6.29,6.10,Wolves,חופשי,GKP,4.50,15.00,2.14,0.1,0.00,-160.00,1.57,0.00,0.01,630.00,-0.01,19.5,0.00,0.00,לא,0.00,0.00
A.Becker,27.73,53.00,6.74,6.10,Liverpool,Francis Bodega FC,GKP,5.40,20.00,3.33,5.4,1.00,-14392.00,2.00,0.00,0.01,540.00,-0.01,10.7,2.00,2.00,לא,0.00,0.00
Hermansen,26.54,56.00,5.28,6.10,West Ham,חופשי,GKP,4.40,9.00,2.25,0.2,0.00,-356.00,1.75,0.00,0.01,360.00,-0.01,8.5,0.00,1.00,לא,0.00,0.00
S.Magassa,22.21,57.00,4.45,6.10,West Ham,חופשי,MID,5.00,6.00,2.86,0.0,0.00,-13.00,6.67,0.00,0.01,189.00,-0.01,4.3,0.00,0.00,לא,0.00,0.00
Gruev,22.09,54.00,3.78,6.10,Leeds,חופשי,MID,4.80,7.00,2.99,0.0,0.00,-63.00,4.69,0.00,0.01,211.00,-0.01,3.6,0.00,1.00,לא,0.00,0.00
Bijol,17.36,65.00,8.02,6.10,Leeds,חופשי,DEF,3.90,6.00,2.07,0.2,0.00,620.00,7.93,0.00,0.01,261.00,-0.01,6.8,0.00,0.00,לא,0.00,0.00
Veltman,14.22,56.00,6.19,6.10,Brighton,חופשי,DEF,4.30,7.00,1.86,0.1,0.00,-204.00,10.09,0.00,0.01,339.00,-0.01,9.7,0.00,0.00,לא,0.00,0.00
Havertz,0.00,,,,Arsenal,חופשי,FWD,7.30,1.00,3.00,0.3,0.00,-218.00,3.00,0.00,0.01,30.00,-0.01,0.6,0.00,0.00,לא,0.00,0.00
Milambo,0.00,,,,Brentford,חופשי,MID,5.20,1.00,2.00,0.0,0.00,-67.00,4.00,0.00,0.01,45.00,-0.01,0.6,0.00,0.00,לא,0.00,0.00
Hinshelwood,0.00,,,,Brighton,חופשי,MID,5.10,4.00,3.36,0.0,0.00,-51.00,4.21,0.00,0.01,107.00,-0.01,1.2,0.00,0.00,לא,0.00,0.00
Hato,0.00,,,,Chelsea,חופשי,DEF,4.70,3.00,1.63,0.2,0.00,-263.00,4.34,0.00,0.01,166.00,-0.01,3.2,0.00,0.00,לא,0.00,0.00
J.Cuenca,0.00,,,,Fulham,חופשי,DEF,4.40,7.00,3.75,0.0,0.00,-33.00,10.71,0.00,0.01,168.00,-0.01,5.1,0.00,0.00,לא,0.00,0.00
Scarles,0.00,,,,West Ham,חופשי,DEF,4.40,1.00,1.30,0.0,0.00,-85.00,6.52,0.00,0.01,69.00,-0.01,0.9,0.00,0.00,לא,0.00,0.00
Donnarumma,33.01,76.00,8.85,1.90,Man City,Francis Bodega FC,GKP,5.70,31.00,3.88,10.2,0.00,17585.00,1.75,0.00,0.00,720.00,0.00,10.2,0.00,4.00,לא,0.00,0.00
Dúbravka,32.73,74.00,6.90,1.90,Burnley,Merkaz Klita,GKP,4.00,35.00,3.18,34.3,1.00,-4704.00,1.45,0.00,0.00,990.00,0.00,34.6,2.00,2.00,לא,0.00,0.00
Areola,32.62,69.00,5.90,1.90,West Ham,חופשי,GKP,4.30,15.00,2.14,2.1,0.00,-1975.00,1.29,0.00,0.00,630.00,0.00,18.8,0.00,0.00,לא,0.00,0.00
Pope,32.26,67.00,6.85,1.90,Newcastle,Amit United🏆🏆,GKP,5.20,52.00,4.80,11.6,1.00,-38624.00,2.12,1.00,0.00,976.00,1.00,28.4,3.00,5.00,לא,0.00,0.00
Petrović,31.51,72.00,9.01,1.90,Bournemouth,The Gingers,GKP,4.50,40.00,3.64,5.7,0.00,8833.00,2.00,0.00,0.00,990.00,0.00,27.7,1.00,4.00,לא,0.00,0.00
Leno,30.46,73.00,7.10,1.90,Fulham,AEK Shemesh,GKP,5.00,34.00,3.09,1.5,1.00,-1765.00,1.27,0.00,0.00,990.00,0.00,26.5,2.00,2.00,לא,0.00,0.00
Mamardashvili,30.00,76.00,9.42,1.90,Liverpool,חופשי,GKP,4.30,19.00,3.80,1.1,0.00,12833.00,1.40,0.00,0.00,450.00,0.00,13.9,0.00,1.00,לא,0.00,0.00
Lammens,28.47,64.00,8.62,6.10,Man Utd,Amit United🏆🏆,GKP,5.00,16.00,3.20,1.5,1.00,6335.00,0.80,0.00,0.00,450.00,0.00,11.1,2.00,1.00,לא,0.00,0.00
Perri,27.03,62.00,6.24,6.10,Leeds,Torpedo Eshel,GKP,4.50,17.00,2.83,0.2,0.00,-223.00,1.17,0.00,0.00,540.00,0.00,10.9,0.00,2.00,לא,0.00,0.00
Trafford,25.29,53.00,6.03,6.10,Man City,חופשי,GKP,4.70,11.00,3.67,1.1,0.00,-2139.00,2.67,0.00,0.00,270.00,0.00,10.1,0.00,1.00,לא,0.00,0.00
M.Bizot,22.53,53.00,5.85,6.10,Aston Villa,חופשי,GKP,4.30,7.00,3.50,0.5,0.00,-992.00,2.00,0.00,0.00,180.00,0.00,2.6,0.00,1.00,לא,0.00,0.00
Lewis-Skelly,0.00,,,,Arsenal,חופשי,DEF,5.10,6.00,6.28,1.6,0.00,-3213.00,5.23,0.00,0.00,86.00,0.00,2.0,0.00,0.00,לא,0.00,0.00
Broja,0.00,,,,Burnley,חופשי,FWD,5.20,5.00,6.00,0.1,0.00,-115.00,4.80,0.00,0.00,75.00,0.00,2.2,0.00,0.00,לא,0.00,0.00
Jörgensen,0.00,,,,Chelsea,חופשי,GKP,4.30,1.00,1.07,0.2,0.00,-285.00,2.14,0.00,0.00,84.00,0.00,0.9,0.00,0.00,לא,0.00,0.00
Dibling,0.00,,,,Everton,חופשי,MID,5.40,3.00,4.35,0.0,0.00,-76.00,2.90,0.00,0.00,62.00,0.00,0.5,0.00,0.00,לא,0.00,0.00
Justin,0.00,,,,Leeds,חופשי,DEF,4.00,4.00,4.68,0.2,0.00,-289.00,11.69,0.00,0.00,77.00,0.00,1.8,0.00,0.00,לא,0.00,0.00
Endo,0.00,,,,Liverpool,חופשי,MID,4.90,6.00,15.00,0.1,0.00,-61.00,15.00,1.00,0.00,36.00,1.00,3.9,0.00,0.00,לא,0.00,0.00
Krafth,0.00,,,,Newcastle,חופשי,DEF,4.30,0.00,0.00,0.0,0.00,-53.00,2.00,0.00,0.00,45.00,0.00,0.3,0.00,0.00,לא,0.00,0.00
Jair Cunha,0.00,,,,Nott'm Forest,חופשי,DEF,4.30,3.00,3.00,0.1,0.00,-75.00,11.00,0.00,0.00,90.00,0.00,2.6,0.00,0.00,לא,0.00,0.00